seq,freq
A,18403442.0
AA,1841694.0
AAA,217196.0
AAC,26469.0
AAD,90871.0
AAE,115001.0
AAF,65277.0
AAG,141505.0
AAH,43703.0
AAI,93650.0
AAK,93028.0
AAL,186315.0
AAM,43425.0
AAN,58386.0
AAP,68054.0
AAQ,73371.0
AAR,101501.0
AAS,114004.0
AAT,92173.0
AAV,135263.0
AAW,24486.0
AAY,50676.0
AC,255423.0
ACA,21380.0
ACC,4802.0
ACD,15112.0
ACE,18202.0
ACF,10182.0
ACG,20691.0
ACH,9846.0
ACI,12404.0
ACK,13906.0
ACL,21271.0
ACM,4426.0
ACN,6806.0
ACP,13798.0
ACQ,10257.0
ACR,16474.0
ACS,13304.0
ACT,11426.0
ACV,16622.0
ACW,5538.0
ACY,8252.0
AD,1044931.0
ADA,91700.0
ADC,12320.0
ADD,53319.0
ADE,57173.0
ADF,47709.0
ADG,84067.0
ADH,18868.0
ADI,75814.0
ADK,53769.0
ADL,111866.0
ADM,23830.0
ADN,30838.0
ADP,46137.0
ADQ,35828.0
ADR,50657.0
ADS,53722.0
ADT,55609.0
ADV,78477.0
ADW,16402.0
ADY,44752.0
AE,1187836.0
AEA,116967.0
AEC,11015.0
AED,60865.0
AEE,83968.0
AEF,45280.0
AEG,73698.0
AEH,25398.0
AEI,79192.0
AEK,78329.0
AEL,122034.0
AEM,28146.0
AEN,56444.0
AEP,37071.0
AEQ,54752.0
AER,69101.0
AES,55351.0
AET,53332.0
AEV,87410.0
AEW,13996.0
AEY,33015.0
AF,693252.0
AFA,56000.0
AFC,9958.0
AFD,43432.0
AFE,39488.0
AFF,24771.0
AFG,53992.0
AFH,16614.0
AFI,34124.0
AFK,30795.0
AFL,69130.0
AFM,16851.0
AFN,30838.0
AFP,28662.0
AFQ,27166.0
AFR,36846.0
AFS,53376.0
AFT,38305.0
AFV,45024.0
AFW,10994.0
AFY,25314.0
AG,1352485.0
AGA,129857.0
AGC,21159.0
AGD,69576.0
AGE,74026.0
AGF,61780.0
AGG,103127.0
AGH,35307.0
AGI,88273.0
AGK,71421.0
AGL,126498.0
AGM,29690.0
AGN,49728.0
AGP,45578.0
AGQ,47182.0
AGR,58945.0
AGS,78032.0
AGT,77590.0
AGV,111898.0
AGW,17850.0
AGY,51332.0
AH,412302.0
AHA,36628.0
AHC,9818.0
AHD,16297.0
AHE,20260.0
AHF,19015.0
AHG,31523.0
AHH,24304.0
AHI,21181.0
AHK,18544.0
AHL,39703.0
AHM,9292.0
AHN,12412.0
AHP,23800.0
AHQ,13848.0
AHR,24236.0
AHS,25112.0
AHT,21809.0
AHV,24253.0
AHW,6686.0
AHY,12371.0
AI,990635.0
AIA,107171.0
AIC,15743.0
AID,54072.0
AIE,64261.0
AIF,32188.0
AIG,77423.0
AIH,24170.0
AII,53733.0
AIK,60357.0
AIL,82808.0
AIM,18792.0
AIN,49766.0
AIP,38757.0
AIQ,39811.0
AIR,50974.0
AIS,60494.0
AIT,52608.0
AIV,63175.0
AIW,10520.0
AIY,32056.0
AK,992764.0
AKA,101478.0
AKC,9058.0
AKD,50535.0
AKE,76443.0
AKF,32866.0
AKG,64126.0
AKH,22828.0
AKI,51856.0
AKK,72443.0
AKL,89055.0
AKM,23479.0
AKN,44081.0
AKP,31661.0
AKQ,34075.0
AKR,59900.0
AKS,55338.0
AKT,52380.0
AKV,66030.0
AKW,11882.0
AKY,38802.0
AL,1777366.0
ALA,171274.0
ALC,23776.0
ALD,100486.0
ALE,140185.0
ALF,48738.0
ALG,131778.0
ALH,40895.0
ALI,76292.0
ALK,109260.0
ALL,163197.0
ALM,39739.0
ALN,72180.0
ALP,73070.0
ALQ,75436.0
ALR,108490.0
ALS,108321.0
ALT,102972.0
ALV,112816.0
ALW,21060.0
ALY,51471.0
AM,455516.0
AMA,46836.0
AMC,4074.0
AMD,26550.0
AME,32054.0
AMF,15619.0
AMG,35477.0
AMH,9220.0
AMI,18821.0
AMK,34192.0
AML,38065.0
AMM,12248.0
AMN,19697.0
AMP,17785.0
AMQ,19780.0
AMR,23688.0
AMS,26299.0
AMT,26332.0
AMV,30694.0
AMW,4022.0
AMY,13233.0
AN,665295.0
ANA,55821.0
ANC,7691.0
AND,32528.0
ANE,32068.0
ANF,27374.0
ANG,55969.0
ANH,13114.0
ANI,40902.0
ANK,35926.0
ANL,59628.0
ANM,14358.0
ANN,33966.0
ANP,39106.0
ANQ,26205.0
ANR,30938.0
ANS,42494.0
ANT,32155.0
ANV,49980.0
ANW,9236.0
ANY,24234.0
AP,771214.0
APA,70978.0
APC,7958.0
APD,40688.0
APE,64557.0
APF,28682.0
APG,78804.0
APH,19032.0
API,35145.0
APK,30732.0
APL,68956.0
APM,13647.0
APN,28177.0
APP,37403.0
APQ,26926.0
APR,34595.0
APS,54765.0
APT,40943.0
APV,50740.0
APW,12536.0
APY,22278.0
AQ,704466.0
AQA,76010.0
AQC,8265.0
AQD,30744.0
AQE,43894.0
AQF,21385.0
AQG,45969.0
AQH,14002.0
AQI,41760.0
AQK,43844.0
AQL,68403.0
AQM,18046.0
AQN,28724.0
AQP,26347.0
AQQ,33101.0
AQR,37138.0
AQS,36791.0
AQT,41622.0
AQV,50971.0
AQW,8818.0
AQY,26766.0
AR,939675.0
ARA,86296.0
ARC,9828.0
ARD,55384.0
ARE,72199.0
ARF,37312.0
ARG,61956.0
ARH,21176.0
ARI,58073.0
ARK,49703.0
ARL,90492.0
ARM,23504.0
ARN,38103.0
ARP,33514.0
ARQ,43973.0
ARR,59289.0
ARS,43847.0
ART,39646.0
ARV,69211.0
ARW,10724.0
ARY,31691.0
AS,1126975.0
ASA,93219.0
ASC,15765.0
ASD,52299.0
ASE,59276.0
ASF,45850.0
ASG,110706.0
ASH,23018.0
ASI,60710.0
ASK,54353.0
ASL,112256.0
ASM,34029.0
ASN,35446.0
ASP,42068.0
ASQ,47096.0
ASR,51971.0
ASS,74774.0
AST,66404.0
ASV,87399.0
ASW,14524.0
ASY,38294.0
AT,992480.0
ATA,81952.0
ATC,15848.0
ATD,47144.0
ATE,52997.0
ATF,39061.0
ATG,93034.0
ATH,20584.0
ATI,49555.0
ATK,43302.0
ATL,107681.0
ATM,21960.0
ATN,44404.0
ATP,48215.0
ATQ,34806.0
ATR,46932.0
ATS,58361.0
ATT,55766.0
ATV,74578.0
ATW,15086.0
ATY,37982.0
AV,1345804.0
AVA,129656.0
AVC,23980.0
AVD,73250.0
AVE,92746.0
AVF,49185.0
AVG,93701.0
AVH,28082.0
AVI,74045.0
AVK,78006.0
AVL,128646.0
AVM,26848.0
AVN,57378.0
AVP,49705.0
AVQ,49567.0
AVR,79472.0
AVS,79100.0
AVT,73393.0
AVV,100954.0
AVW,11568.0
AVY,43264.0
AW,252835.0
AWA,20280.0
AWC,2486.0
AWD,13118.0
AWE,15131.0
AWF,7840.0
AWG,17434.0
AWH,7336.0
AWI,11134.0
AWK,15148.0
AWL,23351.0
AWM,5604.0
AWN,16002.0
AWP,10070.0
AWQ,10316.0
AWR,17710.0
AWS,19356.0
AWT,11912.0
AWV,16628.0
AWW,2832.0
AWY,8828.0
AY,542653.0
AYA,44313.0
AYC,7974.0
AYD,31577.0
AYE,30678.0
AYF,21461.0
AYG,40839.0
AYH,13860.0
AYI,28789.0
AYK,25905.0
AYL,53478.0
AYM,12225.0
AYN,21553.0
AYP,23349.0
AYQ,22710.0
AYR,31116.0
AYS,33586.0
AYT,32487.0
AYV,36749.0
AYW,9330.0
AYY,19536.0
C,3282481.0
CA,247784.0
CAA,29789.0
CAC,3128.0
CAD,11564.0
CAE,13720.0
CAF,8660.0
CAG,19815.0
CAH,5048.0
CAI,9234.0
CAK,11767.0
CAL,21014.0
CAM,5650.0
CAN,8698.0
CAP,9939.0
CAQ,14086.0
CAR,14587.0
CAS,17724.0
CAT,13941.0
CAV,17088.0
CAW,4424.0
CAY,7436.0
CC,66643.0
CCA,3800.0
CCC,1584.0
CCD,3931.0
CCE,3746.0
CCF,2664.0
CCG,4140.0
CCH,2521.0
CCI,2810.0
CCK,3294.0
CCL,5729.0
CCM,1358.0
CCN,2274.0
CCP,3828.0
CCQ,2562.0
CCR,3561.0
CCS,5858.0
CCT,5036.0
CCV,3943.0
CCW,620.0
CCY,2966.0
CD,200673.0
CDA,10890.0
CDC,5198.0
CDD,7524.0
CDE,11345.0
CDF,10760.0
CDG,10289.0
CDH,2800.0
CDI,16774.0
CDK,12192.0
CDL,22700.0
CDM,3168.0
CDN,9676.0
CDP,14286.0
CDQ,4580.0
CDR,9028.0
CDS,9959.0
CDT,9318.0
CDV,20440.0
CDW,2082.0
CDY,6956.0
CE,172094.0
CEA,15104.0
CEC,2886.0
CED,8166.0
CEE,13840.0
CEF,8027.0
CEG,9371.0
CEH,4118.0
CEI,8544.0
CEK,11562.0
CEL,15758.0
CEM,3170.0
CEN,9396.0
CEP,5806.0
CEQ,6540.0
CER,9330.0
CES,9602.0
CET,7134.0
CEV,16200.0
CEW,1914.0
CEY,5090.0
CF,129097.0
CFA,9069.0
CFC,2054.0
CFD,8350.0
CFE,10556.0
CFF,4976.0
CFG,9650.0
CFH,2640.0
CFI,6862.0
CFK,5024.0
CFL,12118.0
CFM,2904.0
CFN,5472.0
CFP,5318.0
CFQ,3948.0
CFR,8441.0
CFS,9680.0
CFT,7808.0
CFV,8017.0
CFW,1646.0
CFY,4318.0
CG,261130.0
CGA,23028.0
CGC,3344.0
CGD,13954.0
CGE,14020.0
CGF,10122.0
CGG,24742.0
CGH,8380.0
CGI,14582.0
CGK,14438.0
CGL,20107.0
CGM,5152.0
CGN,10874.0
CGP,11454.0
CGQ,7986.0
CGR,10262.0
CGS,21702.0
CGT,16428.0
CGV,16949.0
CGW,3182.0
CGY,8630.0
CH,98017.0
CHA,6153.0
CHC,1804.0
CHD,8243.0
CHE,4238.0
CHF,3610.0
CHG,7364.0
CHH,2606.0
CHI,5014.0
CHK,2986.0
CHL,8442.0
CHM,2114.0
CHN,4860.0
CHP,5380.0
CHQ,3826.0
CHR,4718.0
CHS,7848.0
CHT,5766.0
CHV,9630.0
CHW,498.0
CHY,2359.0
CI,163547.0
CIA,13272.0
CIC,2602.0
CID,10582.0
CIE,11482.0
CIF,7352.0
CIG,14816.0
CIH,4394.0
CII,9920.0
CIK,6725.0
CIL,11346.0
CIM,5304.0
CIN,7264.0
CIP,5848.0
CIQ,8784.0
CIR,6704.0
CIS,11732.0
CIT,7388.0
CIV,11800.0
CIW,774.0
CIY,5188.0
CK,163655.0
CKA,14010.0
CKC,2298.0
CKD,10582.0
CKE,12948.0
CKF,4730.0
CKG,12118.0
CKH,4355.0
CKI,8036.0
CKK,9009.0
CKL,12182.0
CKM,3054.0
CKN,8522.0
CKP,6970.0
CKQ,5710.0
CKR,8204.0
CKS,9758.0
CKT,10422.0
CKV,12115.0
CKW,1386.0
CKY,6364.0
CL,290920.0
CLA,23206.0
CLC,4646.0
CLD,14782.0
CLE,18006.0
CLF,9309.0
CLG,20588.0
CLH,8178.0
CLI,17316.0
CLK,19126.0
CLL,30309.0
CLM,6929.0
CLN,10060.0
CLP,12181.0
CLQ,12356.0
CLR,17882.0
CLS,15791.0
CLT,12414.0
CLV,26272.0
CLW,2918.0
CLY,8397.0
CM,64761.0
CMA,4722.0
CMC,616.0
CMD,4876.0
CME,5112.0
CMF,1667.0
CMG,5304.0
CMH,1374.0
CMI,2848.0
CMK,5274.0
CML,6122.0
CMM,922.0
CMN,2834.0
CMP,1879.0
CMQ,2579.0
CMR,3158.0
CMS,3190.0
CMT,3192.0
CMV,6064.0
CMW,430.0
CMY,2536.0
CN,139658.0
CNA,8280.0
CNC,2822.0
CND,10374.0
CNE,6172.0
CNF,4818.0
CNG,12692.0
CNH,5156.0
CNI,10012.0
CNK,5080.0
CNL,10432.0
CNM,1958.0
CNN,6240.0
CNP,7664.0
CNQ,4698.0
CNR,5144.0
CNS,8392.0
CNT,8818.0
CNV,15044.0
CNW,1224.0
CNY,4194.0
CP,174428.0
CPA,14270.0
CPC,2724.0
CPD,10488.0
CPE,13838.0
CPF,10386.0
CPG,12338.0
CPH,5006.0
CPI,7740.0
CPK,10568.0
CPL,10918.0
CPM,3480.0
CPN,7606.0
CPP,10764.0
CPQ,3964.0
CPR,8832.0
CPS,9258.0
CPT,12072.0
CPV,11218.0
CPW,2582.0
CPY,5488.0
CQ,128528.0
CQA,10425.0
CQC,2802.0
CQD,5758.0
CQE,7481.0
CQF,5248.0
CQG,10277.0
CQH,3268.0
CQI,5034.0
CQK,8394.0
CQL,10461.0
CQM,2168.0
CQN,6576.0
CQP,3832.0
CQQ,10028.0
CQR,7117.0
CQS,6088.0
CQT,6296.0
CQV,10783.0
CQW,1242.0
CQY,4320.0
CR,167181.0
CRA,15987.0
CRC,2871.0
CRD,11976.0
CRE,11074.0
CRF,6668.0
CRG,11216.0
CRH,5060.0
CRI,9068.0
CRK,9606.0
CRL,12831.0
CRM,2818.0
CRN,6106.0
CRP,5610.0
CRQ,5962.0
CRR,10768.0
CRS,9857.0
CRT,6439.0
CRV,14402.0
CRW,1568.0
CRY,4986.0
CS,218613.0
CSA,19135.0
CSC,7326.0
CSD,10706.0
CSE,12503.0
CSF,9706.0
CSG,18532.0
CSH,6240.0
CSI,9208.0
CSK,9572.0
CSL,18504.0
CSM,4750.0
CSN,10218.0
CSP,11473.0
CSQ,8774.0
CSR,8607.0
CSS,16670.0
CST,11910.0
CSV,15819.0
CSW,2418.0
CSY,5794.0
CT,194322.0
CTA,14634.0
CTC,3476.0
CTD,8916.0
CTE,12751.0
CTF,8798.0
CTG,15247.0
CTH,7087.0
CTI,10640.0
CTK,7532.0
CTL,16656.0
CTM,4870.0
CTN,6986.0
CTP,9476.0
CTQ,8221.0
CTR,8346.0
CTS,14970.0
CTT,14508.0
CTV,14522.0
CTW,1796.0
CTY,4544.0
CV,220081.0
CVA,18359.0
CVC,5232.0
CVD,12575.0
CVE,15717.0
CVF,7471.0
CVG,16873.0
CVH,4056.0
CVI,9758.0
CVK,11097.0
CVL,26115.0
CVM,3820.0
CVN,12966.0
CVP,9318.0
CVQ,8719.0
CVR,8003.0
CVS,13796.0
CVT,13068.0
CVV,15805.0
CVW,1804.0
CVY,5177.0
CW,49420.0
CWA,6782.0
CWC,962.0
CWD,3794.0
CWE,3788.0
CWF,1066.0
CWG,2642.0
CWH,1984.0
CWI,1678.0
CWK,2812.0
CWL,2818.0
CWM,1400.0
CWN,1756.0
CWP,1352.0
CWQ,3796.0
CWR,1612.0
CWS,2550.0
CWT,2468.0
CWV,2702.0
CWW,1306.0
CWY,2102.0
CY,119139.0
CYA,5708.0
CYC,2284.0
CYD,7525.0
CYE,4464.0
CYF,7730.0
CYG,9978.0
CYH,1948.0
CYI,6244.0
CYK,8020.0
CYL,7640.0
CYM,3912.0
CYN,5664.0
CYP,7118.0
CYQ,5590.0
CYR,5266.0
CYS,9434.0
CYT,5620.0
CYV,9640.0
CYW,1518.0
CYY,3672.0
D,13183159.0
DA,992441.0
DAA,100821.0
DAC,11817.0
DAD,57720.0
DAE,57596.0
DAF,43859.0
DAG,64879.0
DAH,21428.0
DAI,64640.0
DAK,46558.0
DAL,106242.0
DAM,25300.0
DAN,32750.0
DAP,40120.0
DAQ,33820.0
DAR,40720.0
DAS,51869.0
DAT,51592.0
DAV,94360.0
DAW,13160.0
DAY,30698.0
DC,177792.0
DCA,13266.0
DCC,3864.0
DCD,7520.0
DCE,9068.0
DCF,8114.0
DCG,14708.0
DCH,4528.0
DCI,8222.0
DCK,8504.0
DCL,19384.0
DCM,2298.0
DCN,5168.0
DCP,8944.0
DCQ,4962.0
DCR,8004.0
DCS,14263.0
DCT,12743.0
DCV,14096.0
DCW,2904.0
DCY,6814.0
DD,700067.0
DDA,48667.0
DDC,10244.0
DDD,56899.0
DDE,45966.0
DDF,33467.0
DDG,42546.0
DDH,13065.0
DDI,46180.0
DDK,38642.0
DDL,68404.0
DDM,18059.0
DDN,22876.0
DDP,32457.0
DDQ,18136.0
DDR,25764.0
DDS,43374.0
DDT,38476.0
DDV,55472.0
DDW,13222.0
DDY,25083.0
DE,842898.0
DEA,76102.0
DEC,8112.0
DED,44778.0
DEE,63951.0
DEF,37035.0
DEG,41970.0
DEH,18038.0
DEI,56873.0
DEK,42801.0
DEL,83589.0
DEM,24478.0
DEN,42545.0
DEP,26660.0
DEQ,34599.0
DER,40122.0
DES,39578.0
DET,39233.0
DEV,69797.0
DEW,14058.0
DEY,34243.0
DF,616235.0
DFA,42330.0
DFC,9202.0
DFD,36327.0
DFE,35620.0
DFF,24254.0
DFG,53076.0
DFH,15094.0
DFI,37499.0
DFK,32828.0
DFL,54078.0
DFM,11903.0
DFN,25142.0
DFP,25162.0
DFQ,21640.0
DFR,33747.0
DFS,42096.0
DFT,40257.0
DFV,42332.0
DFW,10291.0
DFY,22531.0
DG,1010697.0
DGA,61522.0
DGC,9006.0
DGD,51663.0
DGE,55524.0
DGF,40206.0
DGG,56821.0
DGH,18651.0
DGI,55396.0
DGK,81892.0
DGL,79793.0
DGM,20524.0
DGN,44048.0
DGP,37130.0
DGQ,43520.0
DGR,59298.0
DGS,86136.0
DGT,79327.0
DGV,84295.0
DGW,12982.0
DGY,31512.0
DH,280144.0
DHA,17658.0
DHC,4456.0
DHD,12273.0
DHE,16906.0
DHF,11448.0
DHG,19142.0
DHH,10100.0
DHI,21134.0
DHK,11813.0
DHL,27341.0
DHM,8448.0
DHN,8254.0
DHP,16831.0
DHQ,7602.0
DHR,11113.0
DHS,16444.0
DHT,13404.0
DHV,23759.0
DHW,4138.0
DHY,17236.0
DI,856795.0
DIA,74995.0
DIC,15802.0
DID,52225.0
DIE,51092.0
DIF,30164.0
DIG,44722.0
DIH,18574.0
DII,56093.0
DIK,53078.0
DIL,80023.0
DIM,16992.0
DIN,34974.0
DIP,41904.0
DIQ,30683.0
DIR,39541.0
DIS,56885.0
DIT,48439.0
DIV,65944.0
DIW,13880.0
DIY,29575.0
DK,734568.0
DKA,54960.0
DKC,8074.0
DKD,43543.0
DKE,50508.0
DKF,32746.0
DKG,36340.0
DKH,15736.0
DKI,54621.0
DKK,48591.0
DKL,81150.0
DKM,16877.0
DKN,35166.0
DKP,32518.0
DKQ,19679.0
DKR,25097.0
DKS,41212.0
DKT,38012.0
DKV,56861.0
DKW,10530.0
DKY,29847.0
DL,1296860.0
DLA,105884.0
DLC,16052.0
DLD,64723.0
DLE,80831.0
DLF,47007.0
DLG,97045.0
DLH,27456.0
DLI,78883.0
DLK,81010.0
DLL,124938.0
DLM,27583.0
DLN,49382.0
DLP,64748.0
DLQ,41491.0
DLR,64955.0
DLS,92931.0
DLT,70416.0
DLV,97554.0
DLW,15693.0
DLY,44490.0
DM,295113.0
DMA,28450.0
DMC,5198.0
DMD,14530.0
DME,21458.0
DMF,11234.0
DMG,20888.0
DMH,4888.0
DMI,16984.0
DMK,14948.0
DML,27094.0
DMM,6988.0
DMN,12048.0
DMP,13373.0
DMQ,8132.0
DMR,14636.0
DMS,16836.0
DMT,17455.0
DMV,24478.0
DMW,5588.0
DMY,9015.0
DN,512534.0
DNA,43273.0
DNC,8375.0
DND,22636.0
DNE,31937.0
DNF,24594.0
DNG,36895.0
DNH,10554.0
DNI,35603.0
DNK,25654.0
DNL,49233.0
DNM,10228.0
DNN,17684.0
DNP,29010.0
DNQ,16779.0
DNR,20600.0
DNS,31412.0
DNT,28411.0
DNV,38084.0
DNW,10686.0
DNY,19694.0
DP,686092.0
DPA,66919.0
DPC,4136.0
DPD,42446.0
DPE,59544.0
DPF,21108.0
DPG,26809.0
DPH,15828.0
DPI,25487.0
DPK,40814.0
DPL,51301.0
DPM,11846.0
DPN,43646.0
DPP,22203.0
DPQ,31329.0
DPR,44963.0
DPS,57572.0
DPT,43957.0
DPV,45965.0
DPW,8215.0
DPY,19549.0
DQ,422229.0
DQA,30705.0
DQC,5787.0
DQD,20610.0
DQE,25134.0
DQF,16376.0
DQG,26138.0
DQH,6495.0
DQI,33619.0
DQK,15888.0
DQL,54936.0
DQM,11660.0
DQN,15743.0
DQP,17466.0
DQQ,19531.0
DQR,18699.0
DQS,21542.0
DQT,19155.0
DQV,36376.0
DQW,7112.0
DQY,17196.0
DR,612880.0
DRA,44022.0
DRC,9550.0
DRD,37053.0
DRE,36379.0
DRF,35682.0
DRG,31384.0
DRH,11162.0
DRI,47836.0
DRK,23484.0
DRL,69139.0
DRM,12642.0
DRN,28707.0
DRP,28763.0
DRQ,19064.0
DRR,28590.0
DRS,30158.0
DRT,28453.0
DRV,54054.0
DRW,10896.0
DRY,24624.0
DS,762463.0
DSA,51906.0
DSC,9763.0
DSD,42846.0
DSE,45759.0
DSF,35467.0
DSG,59347.0
DSH,12019.0
DSI,43604.0
DSK,49414.0
DSL,73390.0
DSM,13421.0
DSN,27036.0
DSP,32836.0
DSQ,27690.0
DSR,32740.0
DSS,59422.0
DST,46664.0
DSV,56922.0
DSW,11746.0
DSY,28095.0
DT,686890.0
DTA,60925.0
DTC,9110.0
DTD,32758.0
DTE,41205.0
DTF,31540.0
DTG,50164.0
DTH,13963.0
DTI,42180.0
DTK,32099.0
DTL,69491.0
DTM,14283.0
DTN,21832.0
DTP,35338.0
DTQ,19992.0
DTR,25316.0
DTS,43483.0
DTT,39428.0
DTV,66631.0
DTW,10908.0
DTY,24926.0
DV,944854.0
DVA,75739.0
DVC,10171.0
DVD,56257.0
DVE,51468.0
DVF,43019.0
DVG,45222.0
DVH,17884.0
DVI,59459.0
DVK,48457.0
DVL,95292.0
DVM,20422.0
DVN,42262.0
DVP,43616.0
DVQ,34456.0
DVR,40421.0
DVS,58045.0
DVT,53193.0
DVV,95499.0
DVW,18086.0
DVY,34342.0
DW,198689.0
DWA,12900.0
DWC,3742.0
DWD,9776.0
DWE,13794.0
DWF,8600.0
DWG,12330.0
DWH,4358.0
DWI,11652.0
DWK,9922.0
DWL,20939.0
DWM,4134.0
DWN,7422.0
DWP,7056.0
DWQ,7778.0
DWR,10986.0
DWS,15356.0
DWT,10624.0
DWV,15942.0
DWW,5670.0
DWY,5420.0
DY,519055.0
DYA,31630.0
DYC,6996.0
DYD,32374.0
DYE,35007.0
DYF,26183.0
DYG,30612.0
DYH,9992.0
DYI,39704.0
DYK,28854.0
DYL,55952.0
DYM,7790.0
DYN,22610.0
DYP,20638.0
DYQ,19355.0
DYR,20848.0
DYS,33284.0
DYT,22692.0
DYV,38845.0
DYW,13179.0
DYY,21848.0
E,15091771.0
EA,1252842.0
EAA,131163.0
EAC,17916.0
EAD,50157.0
EAE,85448.0
EAF,54250.0
EAG,89501.0
EAH,20601.0
EAI,82692.0
EAK,64750.0
EAL,157789.0
EAM,36915.0
EAN,37698.0
EAP,42780.0
EAQ,45943.0
EAR,59588.0
EAS,57817.0
EAT,57637.0
EAV,100879.0
EAW,17398.0
EAY,37760.0
EC,175769.0
ECA,12087.0
ECC,3590.0
ECD,10722.0
ECE,6816.0
ECF,6903.0
ECG,11036.0
ECH,5344.0
ECI,12274.0
ECK,9527.0
ECL,17506.0
ECM,5322.0
ECN,5540.0
ECP,9014.0
ECQ,6244.0
ECR,8420.0
ECS,11910.0
ECT,7076.0
ECV,14861.0
ECW,3004.0
ECY,7035.0
ED,843644.0
EDA,57997.0
EDC,14890.0
EDD,39238.0
EDE,55873.0
EDF,44940.0
EDG,72689.0
EDH,17638.0
EDI,60259.0
EDK,41621.0
EDL,92737.0
EDM,24394.0
EDN,30286.0
EDP,40196.0
EDQ,28557.0
EDR,30680.0
EDS,38762.0
EDT,41591.0
EDV,66596.0
EDW,11690.0
EDY,29872.0
EE,1177943.0
EEA,107482.0
EEC,15500.0
EED,55266.0
EEE,99322.0
EEF,56434.0
EEG,80962.0
EEH,23291.0
EEI,84801.0
EEK,71182.0
EEL,138246.0
EEM,36865.0
EEN,41535.0
EEP,28864.0
EEQ,42345.0
EER,53423.0
EES,44368.0
EET,44481.0
EEV,92946.0
EEW,13448.0
EEY,40488.0
EF,596771.0
EFA,40424.0
EFC,6630.0
EFD,34156.0
EFE,38270.0
EFF,27293.0
EFG,36196.0
EFH,10625.0
EFI,34451.0
EFK,31538.0
EFL,64446.0
EFM,15572.0
EFN,23340.0
EFP,22885.0
EFQ,23816.0
EFR,29536.0
EFS,39285.0
EFT,37944.0
EFV,49618.0
EFW,7712.0
EFY,22254.0
EG,986344.0
EGA,73226.0
EGC,15159.0
EGD,51513.0
EGE,74577.0
EGF,47985.0
EGG,62025.0
EGH,24063.0
EGI,61151.0
EGK,70715.0
EGL,87361.0
EGM,27962.0
EGN,42303.0
EGP,32838.0
EGQ,31068.0
EGR,51613.0
EGS,51240.0
EGT,50865.0
EGV,72087.0
EGW,12589.0
EGY,42702.0
EH,367453.0
EHA,26518.0
EHC,5415.0
EHD,11533.0
EHE,13059.0
EHF,14788.0
EHG,31495.0
EHH,40558.0
EHI,20887.0
EHK,12982.0
EHL,36722.0
EHM,7652.0
EHN,10411.0
EHP,24230.0
EHQ,11524.0
EHR,16962.0
EHS,21148.0
EHT,17373.0
EHV,22878.0
EHW,7552.0
EHY,12616.0
EI,909713.0
EIA,76317.0
EIC,15270.0
EID,52131.0
EIE,57605.0
EIF,34592.0
EIG,52066.0
EIH,15587.0
EII,60085.0
EIK,56943.0
EIL,95143.0
EIM,19982.0
EIN,39751.0
EIP,41555.0
EIQ,31491.0
EIR,47722.0
EIS,49734.0
EIT,52856.0
EIV,65411.0
EIW,9884.0
EIY,32300.0
EK,1002485.0
EKA,82183.0
EKC,12284.0
EKD,55701.0
EKE,65242.0
EKF,45707.0
EKG,72607.0
EKH,23720.0
EKI,73702.0
EKK,52748.0
EKL,118656.0
EKM,27112.0
EKN,39877.0
EKP,32632.0
EKQ,32333.0
EKR,44252.0
EKS,43318.0
EKT,46088.0
EKV,77984.0
EKW,12335.0
EKY,38694.0
EL,1426515.0
ELA,126961.0
ELC,20130.0
ELD,76702.0
ELE,93761.0
ELF,61575.0
ELG,100395.0
ELH,35370.0
ELI,83887.0
ELK,95065.0
ELL,151165.0
ELM,33802.0
ELN,49589.0
ELP,56382.0
ELQ,56274.0
ELR,77931.0
ELS,79668.0
ELT,66910.0
ELV,98382.0
ELW,12510.0
ELY,45518.0
EM,365061.0
EMA,31398.0
EMC,4756.0
EMD,14878.0
EME,26874.0
EMF,14980.0
EMG,22295.0
EMH,7218.0
EMI,26110.0
EMK,26144.0
EML,44596.0
EMM,10038.0
EMN,12491.0
EMP,11860.0
EMQ,11892.0
EMR,16810.0
EMS,19766.0
EMT,19668.0
EMV,27736.0
EMW,4306.0
EMY,10499.0
EN,701794.0
ENA,47998.0
ENC,9966.0
END,26242.0
ENE,39073.0
ENF,34260.0
ENG,68389.0
ENH,13890.0
ENI,51314.0
ENK,36043.0
ENL,93272.0
ENM,14741.0
ENN,25548.0
ENP,37672.0
ENQ,24262.0
ENR,28715.0
ENS,37081.0
ENT,29490.0
ENV,46700.0
ENW,8144.0
ENY,25540.0
EP,544516.0
EPA,30600.0
EPC,5892.0
EPD,23396.0
EPE,41298.0
EPF,29771.0
EPG,42434.0
EPH,11528.0
EPI,30260.0
EPK,28602.0
EPL,55731.0
EPM,10389.0
EPN,16927.0
EPP,25395.0
EPQ,19019.0
EPR,28600.0
EPS,35513.0
EPT,25540.0
EPV,51049.0
EPW,8202.0
EPY,22050.0
EQ,608109.0
EQA,53673.0
EQC,8104.0
EQD,26925.0
EQE,34930.0
EQF,27458.0
EQG,40574.0
EQH,11692.0
EQI,44089.0
EQK,30359.0
EQL,88129.0
EQM,17692.0
EQN,17165.0
EQP,18486.0
EQQ,23228.0
EQR,31533.0
EQS,23596.0
EQT,25657.0
EQV,47739.0
EQW,11250.0
EQY,23944.0
ER,805531.0
ERA,60632.0
ERC,12158.0
ERD,41756.0
ERE,50609.0
ERF,43858.0
ERG,51754.0
ERH,17140.0
ERI,65506.0
ERK,33996.0
ERL,101191.0
ERM,22335.0
ERN,23854.0
ERP,30412.0
ERQ,30114.0
ERR,38444.0
ERS,33016.0
ERT,35241.0
ERV,64346.0
ERW,11651.0
ERY,34238.0
ES,767828.0
ESA,58774.0
ESC,11763.0
ESD,34047.0
ESE,47722.0
ESF,40486.0
ESG,70759.0
ESH,15882.0
ESI,49855.0
ESK,38692.0
ESL,82923.0
ESM,16953.0
ESN,32201.0
ESP,28313.0
ESQ,25202.0
ESR,33885.0
ESS,40295.0
EST,38645.0
ESV,57775.0
ESW,13598.0
ESY,26528.0
ET,739154.0
ETA,61054.0
ETC,10386.0
ETD,32310.0
ETE,40371.0
ETF,34557.0
ETG,61171.0
ETH,17499.0
ETI,46018.0
ETK,34941.0
ETL,91586.0
ETM,15834.0
ETN,21818.0
ETP,30948.0
ETQ,29647.0
ETR,29900.0
ETS,37380.0
ETT,45271.0
ETV,56726.0
ETW,14022.0
ETY,24658.0
EV,1058599.0
EVA,85653.0
EVC,11988.0
EVD,60895.0
EVE,75205.0
EVF,46054.0
EVG,58739.0
EVH,24816.0
EVI,72935.0
EVK,62159.0
EVL,109586.0
EVM,26564.0
EVN,36497.0
EVP,47073.0
EVQ,41422.0
EVR,53647.0
EVS,52364.0
EVT,64266.0
EVV,80323.0
EVW,12546.0
EVY,32984.0
EW,211076.0
EWA,13742.0
EWC,2628.0
EWD,9532.0
EWE,12860.0
EWF,9269.0
EWG,11098.0
EWH,5662.0
EWI,15986.0
EWK,13392.0
EWL,22464.0
EWM,6204.0
EWN,9152.0
EWP,6266.0
EWQ,8284.0
EWR,10242.0
EWS,11309.0
EWT,12412.0
EWV,18318.0
EWW,3292.0
EWY,8696.0
EY,488536.0
EYA,36397.0
EYC,8583.0
EYD,25713.0
EYE,24550.0
EYF,25824.0
EYG,35524.0
EYH,11448.0
EYI,29480.0
EYK,25114.0
EYL,56180.0
EYM,13487.0
EYN,19719.0
EYP,18738.0
EYQ,18713.0
EYR,23238.0
EYS,27045.0
EYT,24098.0
EYV,34044.0
EYW,11074.0
EYY,18903.0
F,9349178.0
FA,663942.0
FAA,56416.0
FAC,8468.0
FAD,41372.0
FAE,47707.0
FAF,20964.0
FAG,49192.0
FAH,12380.0
FAI,33058.0
FAK,43320.0
FAL,48996.0
FAM,14465.0
FAN,30570.0
FAP,31930.0
FAQ,29668.0
FAR,38323.0
FAS,46445.0
FAT,36921.0
FAV,43523.0
FAW,10166.0
FAY,18776.0
FC,140508.0
FCA,13728.0
FCC,2974.0
FCD,6832.0
FCE,6560.0
FCF,4268.0
FCG,14472.0
FCH,5024.0
FCI,6505.0
FCK,5822.0
FCL,11164.0
FCM,2748.0
FCN,7086.0
FCP,6586.0
FCQ,6854.0
FCR,7045.0
FCS,9314.0
FCT,8462.0
FCV,6908.0
FCW,1394.0
FCY,6342.0
FD,599524.0
FDA,45196.0
FDC,6461.0
FDD,33928.0
FDE,45395.0
FDF,26364.0
FDG,41916.0
FDH,13340.0
FDI,31465.0
FDK,39157.0
FDL,47662.0
FDM,13052.0
FDN,26445.0
FDP,32743.0
FDQ,18924.0
FDR,35265.0
FDS,40039.0
FDT,28607.0
FDV,42645.0
FDW,7641.0
FDY,22107.0
FE,584336.0
FEA,44122.0
FEC,5640.0
FED,34998.0
FEE,53353.0
FEF,19284.0
FEG,39792.0
FEH,15973.0
FEI,29772.0
FEK,46959.0
FEL,40495.0
FEM,13093.0
FEN,29231.0
FEP,22898.0
FEQ,23334.0
FER,34061.0
FES,33112.0
FET,31036.0
FEV,33602.0
FEW,7854.0
FEY,19863.0
FF,368261.0
FFA,26502.0
FFC,5010.0
FFD,26516.0
FFE,22865.0
FFF,11924.0
FFG,27669.0
FFH,8588.0
FFI,20559.0
FFK,24616.0
FFL,26084.0
FFM,6534.0
FFN,16949.0
FFP,20620.0
FFQ,14282.0
FFR,20719.0
FFS,30365.0
FFT,20324.0
FFV,19938.0
FFW,5848.0
FFY,11489.0
FG,717099.0
FGA,57157.0
FGC,9474.0
FGD,44563.0
FGE,46158.0
FGF,31711.0
FGG,73312.0
FGH,16848.0
FGI,35950.0
FGK,38134.0
FGL,56304.0
FGM,16057.0
FGN,29660.0
FGP,32624.0
FGQ,25349.0
FGR,34587.0
FGS,47533.0
FGT,36587.0
FGV,51700.0
FGW,7596.0
FGY,22726.0
FH,229898.0
FHA,15134.0
FHC,3772.0
FHD,12192.0
FHE,14602.0
FHF,11088.0
FHG,17667.0
FHH,7148.0
FHI,10546.0
FHK,9332.0
FHL,16468.0
FHM,5450.0
FHN,8584.0
FHP,18604.0
FHQ,12505.0
FHR,13154.0
FHS,13279.0
FHT,11568.0
FHV,13676.0
FHW,5614.0
FHY,9049.0
FI,492404.0
FIA,38191.0
FIC,8778.0
FID,36702.0
FIE,38529.0
FIF,19702.0
FIG,35146.0
FIH,13836.0
FII,22596.0
FIK,34237.0
FIL,32314.0
FIM,8488.0
FIN,32075.0
FIP,25865.0
FIQ,19592.0
FIR,24103.0
FIS,33422.0
FIT,26983.0
FIV,24265.0
FIW,4250.0
FIY,12382.0
FK,487407.0
FKA,33200.0
FKC,8282.0
FKD,41082.0
FKE,38276.0
FKF,15538.0
FKG,33081.0
FKH,9976.0
FKI,26400.0
FKK,32568.0
FKL,37069.0
FKM,7240.0
FKN,32234.0
FKP,21063.0
FKQ,20038.0
FKR,20717.0
FKS,29681.0
FKT,25959.0
FKV,33695.0
FKW,4738.0
FKY,15038.0
FL,814827.0
FLA,59097.0
FLC,12708.0
FLD,48972.0
FLE,63221.0
FLF,26264.0
FLG,53445.0
FLH,28782.0
FLI,34527.0
FLK,54993.0
FLL,62248.0
FLM,14301.0
FLN,44676.0
FLP,40750.0
FLQ,39276.0
FLR,47265.0
FLS,56063.0
FLT,43162.0
FLV,52431.0
FLW,9555.0
FLY,21697.0
FM,178961.0
FMA,11598.0
FMC,3342.0
FMD,11772.0
FME,14290.0
FMF,5882.0
FMG,10682.0
FMH,4624.0
FMI,8569.0
FMK,12178.0
FML,13571.0
FMM,2944.0
FMN,7106.0
FMP,11434.0
FMQ,8032.0
FMR,8874.0
FMS,11942.0
FMT,11028.0
FMV,13641.0
FMW,1424.0
FMY,5578.0
FN,443382.0
FNA,30088.0
FNC,8416.0
FND,27834.0
FNE,26859.0
FNF,19118.0
FNG,37761.0
FNH,10524.0
FNI,23959.0
FNK,23803.0
FNL,32771.0
FNM,8769.0
FNN,22019.0
FNP,24509.0
FNQ,20148.0
FNR,26387.0
FNS,26618.0
FNT,24393.0
FNV,27466.0
FNW,6470.0
FNY,14362.0
FP,457715.0
FPA,36663.0
FPC,6170.0
FPD,29898.0
FPE,41631.0
FPF,13026.0
FPG,37495.0
FPH,9736.0
FPI,20746.0
FPK,24028.0
FPL,44846.0
FPM,7352.0
FPN,21072.0
FPP,27664.0
FPQ,20016.0
FPR,20694.0
FPS,28319.0
FPT,22054.0
FPV,28214.0
FPW,5264.0
FPY,11795.0
FQ,380644.0
FQA,21464.0
FQC,4176.0
FQD,20711.0
FQE,23431.0
FQF,14754.0
FQG,39747.0
FQH,7990.0
FQI,17609.0
FQK,24724.0
FQL,26263.0
FQM,7496.0
FQN,20181.0
FQP,19424.0
FQQ,20384.0
FQR,18154.0
FQS,34560.0
FQT,21542.0
FQV,21424.0
FQW,4278.0
FQY,11138.0
FR,462901.0
FRA,30720.0
FRC,7838.0
FRD,30127.0
FRE,31877.0
FRF,17594.0
FRG,28058.0
FRH,13074.0
FRI,22409.0
FRK,33804.0
FRL,36104.0
FRM,8739.0
FRN,23694.0
FRP,23303.0
FRQ,23711.0
FRR,26476.0
FRS,26854.0
FRT,24915.0
FRV,33310.0
FRW,4208.0
FRY,14668.0
FS,666826.0
FSA,49637.0
FSC,8910.0
FSD,37846.0
FSE,41034.0
FSF,30935.0
FSG,52978.0
FSH,17942.0
FSI,32646.0
FSK,44056.0
FSL,54539.0
FSM,11452.0
FSN,29691.0
FSP,32774.0
FSQ,26324.0
FSR,34231.0
FSS,43739.0
FST,37633.0
FSV,44479.0
FSW,8135.0
FSY,25975.0
FT,569799.0
FTA,40259.0
FTC,7991.0
FTD,35130.0
FTE,35338.0
FTF,27554.0
FTG,43799.0
FTH,10759.0
FTI,31952.0
FTK,28017.0
FTL,48921.0
FTM,10543.0
FTN,31249.0
FTP,37338.0
FTQ,17748.0
FTR,27252.0
FTS,38100.0
FTT,28537.0
FTV,39719.0
FTW,9373.0
FTY,19034.0
FV,596606.0
FVA,43442.0
FVC,11514.0
FVD,43850.0
FVE,47157.0
FVF,23269.0
FVG,38451.0
FVH,17034.0
FVI,28266.0
FVK,34547.0
FVL,39938.0
FVM,11356.0
FVN,31589.0
FVP,30222.0
FVQ,23329.0
FVR,36120.0
FVS,38312.0
FVT,37913.0
FVV,37210.0
FVW,6419.0
FVY,15652.0
FW,122563.0
FWA,9574.0
FWC,1048.0
FWD,6531.0
FWE,12200.0
FWF,4508.0
FWG,8301.0
FWH,2440.0
FWI,4718.0
FWK,6486.0
FWL,13336.0
FWM,2639.0
FWN,5931.0
FWP,3604.0
FWQ,6006.0
FWR,8338.0
FWS,7734.0
FWT,5761.0
FWV,4666.0
FWW,1432.0
FWY,7080.0
FY,343028.0
FYA,20996.0
FYC,4780.0
FYD,19907.0
FYE,20401.0
FYF,13024.0
FYG,23780.0
FYH,9100.0
FYI,15579.0
FYK,18494.0
FYL,27457.0
FYM,6618.0
FYN,17197.0
FYP,30390.0
FYQ,13539.0
FYR,21031.0
FYS,21356.0
FYT,24859.0
FYV,17662.0
FYW,5142.0
FYY,10714.0
G,17082419.0
GA,1283797.0
GAA,116276.0
GAC,17822.0
GAD,89362.0
GAE,71929.0
GAF,47462.0
GAG,117692.0
GAH,31473.0
GAI,70654.0
GAK,66813.0
GAL,110402.0
GAM,39743.0
GAN,48066.0
GAP,56866.0
GAQ,39607.0
GAR,55879.0
GAS,80239.0
GAT,82617.0
GAV,91471.0
GAW,13830.0
GAY,33106.0
GC,241652.0
GCA,16978.0
GCC,4260.0
GCD,15148.0
GCE,11833.0
GCF,9789.0
GCG,21526.0
GCH,4550.0
GCI,15676.0
GCK,9356.0
GCL,26302.0
GCM,5938.0
GCN,8298.0
GCP,14360.0
GCQ,7105.0
GCR,12659.0
GCS,13916.0
GCT,17619.0
GCV,16539.0
GCW,2680.0
GCY,6416.0
GD,936178.0
GDA,63623.0
GDC,14460.0
GDD,47926.0
GDE,51922.0
GDF,48467.0
GDG,77102.0
GDH,23094.0
GDI,62126.0
GDK,51729.0
GDL,84418.0
GDM,16362.0
GDN,30978.0
GDP,50324.0
GDQ,24728.0
GDR,49092.0
GDS,55017.0
GDT,54920.0
GDV,79715.0
GDW,13108.0
GDY,35347.0
GE,1015481.0
GEA,66721.0
GEC,12826.0
GED,48987.0
GEE,73202.0
GEF,43538.0
GEG,75616.0
GEH,21044.0
GEI,61448.0
GEK,57345.0
GEL,93627.0
GEM,22057.0
GEN,40622.0
GEP,49987.0
GEQ,30943.0
GER,62998.0
GES,49571.0
GET,61154.0
GEV,82980.0
GEW,19139.0
GEY,36130.0
GF,717186.0
GFA,55384.0
GFC,10694.0
GFD,44240.0
GFE,37021.0
GFF,27899.0
GFG,62128.0
GFH,19134.0
GFI,41986.0
GFK,35320.0
GFL,57938.0
GFM,14960.0
GFN,33000.0
GFP,32250.0
GFQ,25862.0
GFR,32531.0
GFS,52057.0
GFT,49313.0
GFV,43552.0
GFW,10248.0
GFY,30771.0
GG,1339715.0
GGA,97133.0
GGC,18472.0
GGD,64531.0
GGE,61695.0
GGF,54983.0
GGG,148040.0
GGH,29464.0
GGI,72492.0
GGK,64102.0
GGL,101855.0
GGM,31392.0
GGN,54864.0
GGP,56736.0
GGQ,47156.0
GGR,60962.0
GGS,119744.0
GGT,90202.0
GGV,92914.0
GGW,20670.0
GGY,48823.0
GH,403892.0
GHA,28114.0
GHC,4888.0
GHD,18761.0
GHE,20762.0
GHF,18375.0
GHG,31233.0
GHH,27859.0
GHI,22416.0
GHK,20083.0
GHL,36430.0
GHM,16647.0
GHN,13192.0
GHP,20724.0
GHQ,10943.0
GHR,19210.0
GHS,26781.0
GHT,23007.0
GHV,22903.0
GHW,4646.0
GHY,16185.0
GI,989415.0
GIA,77051.0
GIC,16549.0
GID,67307.0
GIE,51442.0
GIF,39596.0
GIG,81196.0
GIH,24178.0
GII,56511.0
GIK,57587.0
GIL,74454.0
GIM,15372.0
GIN,46939.0
GIP,67480.0
GIQ,35640.0
GIR,44566.0
GIS,58826.0
GIT,58359.0
GIV,70483.0
GIW,9270.0
GIY,34993.0
GK,1034896.0
GKA,67788.0
GKC,13424.0
GKD,52645.0
GKE,68880.0
GKF,31786.0
GKG,71888.0
GKH,23685.0
GKI,65985.0
GKK,59808.0
GKL,98143.0
GKM,16686.0
GKN,35965.0
GKP,60443.0
GKQ,34079.0
GKR,42710.0
GKS,61748.0
GKT,81972.0
GKV,81274.0
GKW,14836.0
GKY,47349.0
GL,1405793.0
GLA,124256.0
GLC,17861.0
GLD,81101.0
GLE,86575.0
GLF,51877.0
GLG,96257.0
GLH,26402.0
GLI,73152.0
GLK,78590.0
GLL,117665.0
GLM,26894.0
GLN,50570.0
GLP,84228.0
GLQ,47906.0
GLR,73280.0
GLS,94266.0
GLT,88432.0
GLV,122562.0
GLW,16139.0
GLY,43541.0
GM,404417.0
GMA,35608.0
GMC,3994.0
GMD,27508.0
GME,25789.0
GMF,14512.0
GMG,34248.0
GMH,10171.0
GMI,19714.0
GMK,20982.0
GML,26715.0
GMM,7912.0
GMN,22788.0
GMP,20115.0
GMQ,13388.0
GMR,17964.0
GMS,24530.0
GMT,25407.0
GMV,36708.0
GMW,3810.0
GMY,10736.0
GN,693707.0
GNA,51052.0
GNC,11384.0
GND,31940.0
GNE,38519.0
GNF,28568.0
GNG,52840.0
GNH,14794.0
GNI,48717.0
GNK,35641.0
GNL,60552.0
GNM,14542.0
GNN,31347.0
GNP,44857.0
GNQ,20910.0
GNR,26679.0
GNS,42543.0
GNT,40628.0
GNV,54090.0
GNW,12182.0
GNY,30248.0
GP,656120.0
GPA,46873.0
GPC,10774.0
GPD,34036.0
GPE,45258.0
GPF,25221.0
GPG,64158.0
GPH,16980.0
GPI,32510.0
GPK,31647.0
GPL,66430.0
GPM,12808.0
GPN,29056.0
GPP,25170.0
GPQ,20541.0
GPR,28804.0
GPS,44074.0
GPT,36515.0
GPV,54284.0
GPW,11802.0
GPY,17873.0
GQ,618828.0
GQA,50881.0
GQC,11276.0
GQD,29891.0
GQE,33169.0
GQF,23316.0
GQG,51977.0
GQH,12329.0
GQI,39478.0
GQK,28452.0
GQL,53787.0
GQM,15114.0
GQN,23180.0
GQP,38318.0
GQQ,23753.0
GQR,30109.0
GQS,37097.0
GQT,38608.0
GQV,45188.0
GQW,9874.0
GQY,21951.0
GR,844890.0
GRA,53151.0
GRC,15295.0
GRD,43323.0
GRE,45618.0
GRF,43800.0
GRG,64738.0
GRH,18490.0
GRI,59608.0
GRK,35872.0
GRL,86842.0
GRM,17934.0
GRN,33385.0
GRP,44175.0
GRQ,22377.0
GRR,40277.0
GRS,44745.0
GRT,55727.0
GRV,68813.0
GRW,16012.0
GRY,31783.0
GS,1306881.0
GSA,88495.0
GSC,18764.0
GSD,61762.0
GSE,58687.0
GSF,50023.0
GSG,148253.0
GSH,85379.0
GSI,68698.0
GSK,45225.0
GSL,106774.0
GSM,39766.0
GSN,43809.0
GSP,55305.0
GSQ,38046.0
GSR,50271.0
GSS,127579.0
GST,75501.0
GSV,83527.0
GSW,21448.0
GSY,36907.0
GT,1031417.0
GTA,81411.0
GTC,15381.0
GTD,56309.0
GTE,54945.0
GTF,42241.0
GTG,87032.0
GTH,23090.0
GTI,64109.0
GTK,49464.0
GTL,87675.0
GTM,20252.0
GTN,36381.0
GTP,56796.0
GTQ,38626.0
GTR,37253.0
GTS,57281.0
GTT,73959.0
GTV,84182.0
GTW,20788.0
GTY,42638.0
GV,1232692.0
GVA,95092.0
GVC,17646.0
GVD,82050.0
GVE,71204.0
GVF,49851.0
GVG,86356.0
GVH,31138.0
GVI,72517.0
GVK,62133.0
GVL,102681.0
GVM,23631.0
GVN,49153.0
GVP,75426.0
GVQ,38488.0
GVR,55188.0
GVS,77350.0
GVT,81807.0
GVV,93954.0
GVW,15045.0
GVY,49326.0
GW,239615.0
GWA,13948.0
GWC,3550.0
GWD,14685.0
GWE,13454.0
GWF,9372.0
GWG,20866.0
GWH,4160.0
GWI,11482.0
GWK,15104.0
GWL,18309.0
GWM,5308.0
GWN,11818.0
GWP,7200.0
GWQ,9273.0
GWR,11395.0
GWS,15450.0
GWT,21459.0
GWV,15234.0
GWW,3716.0
GWY,13434.0
GY,633889.0
GYA,45804.0
GYC,10036.0
GYD,36095.0
GYE,32846.0
GYF,27770.0
GYG,52073.0
GYH,21755.0
GYI,34838.0
GYK,30784.0
GYL,46737.0
GYM,12266.0
GYN,31064.0
GYP,26659.0
GYQ,24830.0
GYR,30948.0
GYS,44520.0
GYT,39858.0
GYV,47062.0
GYW,9135.0
GYY,27876.0
H,6259751.0
HA,384234.0
HAA,31546.0
HAC,5650.0
HAD,22666.0
HAE,26824.0
HAF,17741.0
HAG,29260.0
HAH,11258.0
HAI,22944.0
HAK,17823.0
HAL,36705.0
HAM,10260.0
HAN,12254.0
HAP,19325.0
HAQ,11640.0
HAR,19733.0
HAS,20782.0
HAT,17388.0
HAV,29824.0
HAW,6382.0
HAY,12637.0
HC,91675.0
HCA,6928.0
HCC,1296.0
HCD,6600.0
HCE,5498.0
HCF,3577.0
HCG,7640.0
HCH,5176.0
HCI,5397.0
HCK,3526.0
HCL,10506.0
HCM,1366.0
HCN,3830.0
HCP,5126.0
HCQ,2207.0
HCR,3500.0
HCS,5258.0
HCT,3580.0
HCV,4640.0
HCW,1282.0
HCY,4630.0
HD,249908.0
HDA,18118.0
HDC,4068.0
HDD,11978.0
HDE,15484.0
HDF,15270.0
HDG,19156.0
HDH,6440.0
HDI,15533.0
HDK,9241.0
HDL,22762.0
HDM,4302.0
HDN,12801.0
HDP,13282.0
HDQ,8048.0
HDR,11379.0
HDS,14125.0
HDT,11233.0
HDV,19999.0
HDW,4294.0
HDY,11993.0
HE,293652.0
HEA,24798.0
HEC,2828.0
HED,17924.0
HEE,17935.0
HEF,13465.0
HEG,21288.0
HEH,10806.0
HEI,15720.0
HEK,18610.0
HEL,24572.0
HEM,9270.0
HEN,16344.0
HEP,8959.0
HEQ,11750.0
HER,12472.0
HES,13776.0
HET,15004.0
HEV,23387.0
HEW,3620.0
HEY,10508.0
HF,250088.0
HFA,16596.0
HFC,5592.0
HFD,19782.0
HFE,13106.0
HFF,11832.0
HFG,16065.0
HFH,10392.0
HFI,12774.0
HFK,11946.0
HFL,20824.0
HFM,5280.0
HFN,10966.0
HFP,14830.0
HFQ,8583.0
HFR,10544.0
HFS,15824.0
HFT,15131.0
HFV,17949.0
HFW,2788.0
HFY,8892.0
HG,408214.0
HGA,26486.0
HGC,4634.0
HGD,27791.0
HGE,19726.0
HGF,20591.0
HGG,31254.0
HGH,12418.0
HGI,28662.0
HGK,24586.0
HGL,35489.0
HGM,13468.0
HGN,14754.0
HGP,13998.0
HGQ,12334.0
HGR,17294.0
HGS,29671.0
HGT,21169.0
HGV,31622.0
HGW,6734.0
HGY,14743.0
HH,917886.0
HHA,15026.0
HHC,2242.0
HHD,9746.0
HHE,12751.0
HHF,9670.0
HHG,21021.0
HHH,602074.0
HHI,10017.0
HHK,5796.0
HHL,17868.0
HHM,15364.0
HHN,7438.0
HHP,12718.0
HHQ,6008.0
HHR,7068.0
HHS,62584.0
HHT,9344.0
HHV,9701.0
HHW,3916.0
HHY,5773.0
HI,305374.0
HIA,21202.0
HIC,7142.0
HID,22252.0
HIE,21540.0
HIF,10052.0
HIG,18376.0
HIH,10407.0
HII,15916.0
HIK,15679.0
HIL,27599.0
HIM,3676.0
HIN,13553.0
HIP,14590.0
HIQ,12604.0
HIR,14540.0
HIS,21108.0
HIT,15781.0
HIV,19279.0
HIW,5076.0
HIY,14632.0
HK,245799.0
HKA,18668.0
HKC,4390.0
HKD,15646.0
HKE,16600.0
HKF,12974.0
HKG,13068.0
HKH,4294.0
HKI,15373.0
HKK,11525.0
HKL,25212.0
HKM,5074.0
HKN,11620.0
HKP,14655.0
HKQ,8364.0
HKR,9327.0
HKS,11542.0
HKT,13424.0
HKV,20473.0
HKW,4200.0
HKY,8170.0
HL,509363.0
HLA,41298.0
HLC,10314.0
HLD,26681.0
HLE,33605.0
HLF,17472.0
HLG,33097.0
HLH,16378.0
HLI,25016.0
HLK,29687.0
HLL,49991.0
HLM,14186.0
HLN,17560.0
HLP,24790.0
HLQ,20068.0
HLR,25899.0
HLS,29270.0
HLT,29986.0
HLV,38253.0
HLW,5786.0
HLY,18430.0
HM,189996.0
HMA,21590.0
HMC,2508.0
HMD,12456.0
HME,13532.0
HMF,6090.0
HMG,13777.0
HMH,4514.0
HMI,7928.0
HMK,12326.0
HML,15637.0
HMM,5480.0
HMN,8790.0
HMP,7194.0
HMQ,6146.0
HMR,6214.0
HMS,15366.0
HMT,12864.0
HMV,10928.0
HMW,1745.0
HMY,4717.0
HN,200922.0
HNA,11347.0
HNC,2672.0
HND,9138.0
HNE,10192.0
HNF,10198.0
HNG,17940.0
HNH,6272.0
HNI,16070.0
HNK,8596.0
HNL,20592.0
HNM,5010.0
HNN,9404.0
HNP,11540.0
HNQ,5932.0
HNR,8494.0
HNS,10446.0
HNT,8089.0
HNV,18298.0
HNW,3406.0
HNY,6852.0
HP,337098.0
HPA,27856.0
HPC,3838.0
HPD,28488.0
HPE,29694.0
HPF,16188.0
HPG,24110.0
HPH,7406.0
HPI,13032.0
HPK,13540.0
HPL,28860.0
HPM,7077.0
HPN,17001.0
HPP,11872.0
HPQ,19520.0
HPR,10987.0
HPS,22125.0
HPT,18050.0
HPV,18604.0
HPW,7140.0
HPY,11298.0
HQ,203193.0
HQA,15350.0
HQC,2488.0
HQD,12483.0
HQE,11413.0
HQF,8744.0
HQG,18831.0
HQH,7542.0
HQI,9107.0
HQK,9339.0
HQL,22174.0
HQM,3645.0
HQN,8628.0
HQP,8306.0
HQQ,8286.0
HQR,11032.0
HQS,11730.0
HQT,8520.0
HQV,13410.0
HQW,3888.0
HQY,7572.0
HR,274579.0
HRA,21752.0
HRC,3023.0
HRD,28405.0
HRE,14156.0
HRF,10736.0
HRG,15466.0
HRH,6854.0
HRI,17215.0
HRK,12136.0
HRL,26376.0
HRM,4980.0
HRN,8605.0
HRP,12247.0
HRQ,10325.0
HRR,13826.0
HRS,16552.0
HRT,13080.0
HRV,21161.0
HRW,3620.0
HRY,12272.0
HS,381355.0
HSA,24339.0
HSC,3988.0
HSD,21484.0
HSE,16694.0
HSF,17185.0
HSG,23171.0
HSH,9734.0
HSI,18439.0
HSK,14294.0
HSL,35878.0
HSM,11202.0
HSN,12967.0
HSP,14282.0
HSQ,18443.0
HSR,18201.0
HSS,65908.0
HST,17462.0
HSV,19694.0
HSW,3970.0
HSY,13054.0
HT,287128.0
HTA,21753.0
HTC,3336.0
HTD,16816.0
HTE,15635.0
HTF,22084.0
HTG,19416.0
HTH,6350.0
HTI,15447.0
HTK,12404.0
HTL,31915.0
HTM,5300.0
HTN,11711.0
HTP,15008.0
HTQ,9548.0
HTR,10410.0
HTS,20891.0
HTT,12424.0
HTV,23806.0
HTW,4336.0
HTY,7560.0
HV,348890.0
HVA,25784.0
HVC,4474.0
HVD,24432.0
HVE,19467.0
HVF,15188.0
HVG,22350.0
HVH,10236.0
HVI,22259.0
HVK,17990.0
HVL,30630.0
HVM,7084.0
HVN,15564.0
HVP,18355.0
HVQ,13972.0
HVR,13952.0
HVS,19455.0
HVT,23796.0
HVV,27318.0
HVW,5816.0
HVY,10010.0
HW,91869.0
HWA,4429.0
HWC,760.0
HWD,4291.0
HWE,3699.0
HWF,4502.0
HWG,10504.0
HWH,5144.0
HWI,3664.0
HWK,4704.0
HWL,6936.0
HWM,2716.0
HWN,5745.0
HWP,4004.0
HWQ,2774.0
HWR,3538.0
HWS,4414.0
HWT,4034.0
HWV,6593.0
HWW,1126.0
HWY,8118.0
HY,200421.0
HYA,13266.0
HYC,3352.0
HYD,12092.0
HYE,11378.0
HYF,8962.0
HYG,12243.0
HYH,6381.0
HYI,9224.0
HYK,10776.0
HYL,22889.0
HYM,3296.0
HYN,8850.0
HYP,7518.0
HYQ,8912.0
HYR,12162.0
HYS,11984.0
HYT,14859.0
HYV,11003.0
HYW,2508.0
HYY,8480.0
I,12936529.0
IA,1058107.0
IAA,103226.0
IAC,13784.0
IAD,74717.0
IAE,80513.0
IAF,36960.0
IAG,75143.0
IAH,24093.0
IAI,51835.0
IAK,62877.0
IAL,77378.0
IAM,20427.0
IAN,41004.0
IAP,46922.0
IAQ,46301.0
IAR,58800.0
IAS,63241.0
IAT,59155.0
IAV,73504.0
IAW,11760.0
IAY,33737.0
IC,211403.0
ICA,15144.0
ICC,3776.0
ICD,12528.0
ICE,11524.0
ICF,8021.0
ICG,19772.0
ICH,8670.0
ICI,11340.0
ICK,11031.0
ICL,13950.0
ICM,4290.0
ICN,15874.0
ICP,7540.0
ICQ,7248.0
ICR,12077.0
ICS,14072.0
ICT,16976.0
ICV,8666.0
ICW,2112.0
ICY,6312.0
ID,802035.0
IDA,66819.0
IDC,11126.0
IDD,42230.0
IDE,58158.0
IDF,36148.0
IDG,69279.0
IDH,20393.0
IDI,43148.0
IDK,43239.0
IDL,64986.0
IDM,16796.0
IDN,33121.0
IDP,42630.0
IDQ,32200.0
IDR,39447.0
IDS,45128.0
IDT,48263.0
IDV,48985.0
IDW,10008.0
IDY,28296.0
IE,837942.0
IEA,66578.0
IEC,8446.0
IED,53202.0
IEE,70679.0
IEF,25287.0
IEG,55404.0
IEH,18150.0
IEI,46060.0
IEK,66931.0
IEL,61229.0
IEM,17234.0
IEN,41933.0
IEP,31217.0
IEQ,41487.0
IER,51052.0
IES,47293.0
IET,48460.0
IEV,52251.0
IEW,9084.0
IEY,23503.0
IF,473298.0
IFA,37974.0
IFC,7002.0
IFD,31636.0
IFE,32082.0
IFF,16190.0
IFG,42610.0
IFH,10964.0
IFI,22631.0
IFK,24336.0
IFL,37721.0
IFM,8501.0
IFN,23766.0
IFP,27156.0
IFQ,20082.0
IFR,24767.0
IFS,34090.0
IFT,25506.0
IFV,25491.0
IFW,5886.0
IFY,13853.0
IG,913848.0
IGA,75180.0
IGC,12846.0
IGD,60528.0
IGE,58200.0
IGF,32810.0
IGG,91474.0
IGH,21946.0
IGI,55169.0
IGK,50183.0
IGL,68963.0
IGM,21603.0
IGN,37958.0
IGP,30634.0
IGQ,28239.0
IGR,54185.0
IGS,56306.0
IGT,52453.0
IGV,59364.0
IGW,11284.0
IGY,32791.0
IH,314647.0
IHA,22273.0
IHC,5373.0
IHD,16938.0
IHE,19886.0
IHF,14727.0
IHG,21044.0
IHH,15065.0
IHI,14446.0
IHK,14592.0
IHL,23064.0
IHM,4738.0
IHN,11939.0
IHP,17734.0
IHQ,14194.0
IHR,21224.0
IHS,22305.0
IHT,16915.0
IHV,20488.0
IHW,5780.0
IHY,11162.0
II,717286.0
IIA,63106.0
IIC,11004.0
IID,50724.0
IIE,46066.0
IIF,27248.0
IIG,60590.0
IIH,18999.0
III,27808.0
IIK,42965.0
IIL,49682.0
IIM,13474.0
IIN,42655.0
IIP,35648.0
IIQ,22292.0
IIR,38890.0
IIS,50320.0
IIT,45070.0
IIV,40728.0
IIW,6684.0
IIY,21579.0
IK,769702.0
IKA,63429.0
IKC,7456.0
IKD,50137.0
IKE,67698.0
IKF,20732.0
IKG,43215.0
IKH,17639.0
IKI,40078.0
IKK,60918.0
IKL,51476.0
IKM,12784.0
IKN,41800.0
IKP,34227.0
IKQ,34185.0
IKR,44891.0
IKS,46838.0
IKT,44034.0
IKV,52460.0
IKW,9033.0
IKY,23596.0
IL,1085222.0
ILA,83671.0
ILC,14077.0
ILD,73119.0
ILE,83337.0
ILF,34423.0
ILG,84392.0
ILH,26766.0
ILI,45460.0
ILK,74358.0
ILL,86607.0
ILM,19582.0
ILN,52949.0
ILP,49847.0
ILQ,45679.0
ILR,61322.0
ILS,75925.0
ILT,67856.0
ILV,65749.0
ILW,8430.0
ILY,29045.0
IM,255449.0
IMA,20492.0
IMC,3236.0
IMD,16906.0
IME,21492.0
IMF,7265.0
IMG,19300.0
IMH,7370.0
IMI,12804.0
IMK,18016.0
IML,20094.0
IMM,4302.0
IMN,13936.0
IMP,10876.0
IMQ,12652.0
IMR,14234.0
IMS,14482.0
IMT,14455.0
IMV,14286.0
IMW,2024.0
IMY,6915.0
IN,624208.0
INA,46196.0
INC,7814.0
IND,35894.0
INE,41427.0
INF,23596.0
ING,49905.0
INH,11307.0
INI,33267.0
INK,35010.0
INL,45003.0
INM,13695.0
INN,39331.0
INP,32647.0
INQ,24755.0
INR,28539.0
INS,42284.0
INT,40955.0
INV,38405.0
INW,8966.0
INY,23486.0
IP,654290.0
IPA,54233.0
IPC,9634.0
IPD,38480.0
IPE,54158.0
IPF,31767.0
IPG,45953.0
IPH,16396.0
IPI,34614.0
IPK,30906.0
IPL,49410.0
IPM,13936.0
IPN,30425.0
IPP,31657.0
IPQ,25887.0
IPR,24693.0
IPS,36682.0
IPT,40020.0
IPV,52992.0
IPW,9155.0
IPY,21124.0
IQ,488948.0
IQA,40437.0
IQC,4782.0
IQD,30678.0
IQE,33735.0
IQF,17976.0
IQG,28077.0
IQH,13300.0
IQI,18864.0
IQK,44228.0
IQL,36237.0
IQM,13250.0
IQN,26327.0
IQP,22213.0
IQQ,24240.0
IQR,27810.0
IQS,31226.0
IQT,21996.0
IQV,32320.0
IQW,6520.0
IQY,13922.0
IR,629383.0
IRA,46463.0
IRC,7486.0
IRD,39991.0
IRE,57221.0
IRF,23253.0
IRG,46629.0
IRH,17715.0
IRI,31059.0
IRK,44884.0
IRL,41571.0
IRM,12343.0
IRN,28688.0
IRP,24295.0
IRQ,31436.0
IRR,36510.0
IRS,37903.0
IRT,33536.0
IRV,36257.0
IRW,6224.0
IRY,24527.0
IS,851836.0
ISA,64410.0
ISC,13465.0
ISD,55124.0
ISE,55789.0
ISF,31935.0
ISG,65930.0
ISH,17884.0
ISI,44148.0
ISK,51324.0
ISL,66766.0
ISM,15835.0
ISN,42543.0
ISP,43743.0
ISQ,32052.0
ISR,49642.0
ISS,65598.0
IST,45291.0
ISV,52036.0
ISW,11504.0
ISY,24367.0
IT,780308.0
ITA,63577.0
ITC,13046.0
ITD,55556.0
ITE,49104.0
ITF,25806.0
ITG,64821.0
ITH,18555.0
ITI,39850.0
ITK,40648.0
ITL,68329.0
ITM,13584.0
ITN,38225.0
ITP,48331.0
ITQ,26468.0
ITR,34553.0
ITS,47778.0
ITT,44532.0
ITV,51428.0
ITW,7798.0
ITY,26165.0
IV,859675.0
IVA,71604.0
IVC,12310.0
IVD,61169.0
IVE,66306.0
IVF,28811.0
IVG,69144.0
IVH,24068.0
IVI,37220.0
IVK,56006.0
IVL,69241.0
IVM,17873.0
IVN,43040.0
IVP,39483.0
IVQ,24918.0
IVR,45101.0
IVS,62093.0
IVT,51617.0
IVV,49208.0
IVW,6137.0
IVY,22640.0
IW,145137.0
IWA,10499.0
IWC,1408.0
IWD,14330.0
IWE,9420.0
IWF,4122.0
IWG,11740.0
IWH,4836.0
IWI,8782.0
IWK,7094.0
IWL,9365.0
IWM,4000.0
IWN,9577.0
IWP,4190.0
IWQ,6056.0
IWR,5216.0
IWS,11940.0
IWT,9498.0
IWV,6734.0
IWW,1358.0
IWY,4388.0
IY,434602.0
IYA,27754.0
IYC,4518.0
IYD,29907.0
IYE,26642.0
IYF,15752.0
IYG,34436.0
IYH,11812.0
IYI,16529.0
IYK,28649.0
IYL,34532.0
IYM,7574.0
IYN,28786.0
IYP,19122.0
IYQ,23752.0
IYR,22277.0
IYS,31878.0
IYT,26505.0
IYV,20371.0
IYW,5876.0
IYY,17121.0
K,13025250.0
KA,1020740.0
KAA,92995.0
KAC,11374.0
KAD,52085.0
KAE,54235.0
KAF,40773.0
KAG,75281.0
KAH,24541.0
KAI,68789.0
KAK,65955.0
KAL,117253.0
KAM,27134.0
KAN,35593.0
KAP,35630.0
KAQ,34391.0
KAR,50337.0
KAS,58705.0
KAT,50760.0
KAV,76626.0
KAW,12268.0
KAY,31615.0
KC,166333.0
KCA,8820.0
KCC,5850.0
KCD,16752.0
KCE,6698.0
KCF,6407.0
KCG,10870.0
KCH,2836.0
KCI,7898.0
KCK,10708.0
KCL,14170.0
KCM,2410.0
KCN,7562.0
KCP,9826.0
KCQ,7134.0
KCR,6448.0
KCS,8640.0
KCT,9022.0
KCV,13364.0
KCW,2510.0
KCY,6426.0
KD,792818.0
KDA,54623.0
KDC,7790.0
KDD,37839.0
KDE,46842.0
KDF,37514.0
KDG,68068.0
KDH,14480.0
KDI,54134.0
KDK,46007.0
KDL,86158.0
KDM,15512.0
KDN,29434.0
KDP,38298.0
KDQ,22204.0
KDR,34126.0
KDS,54570.0
KDT,40747.0
KDV,50407.0
KDW,14302.0
KDY,37940.0
KE,984749.0
KEA,78930.0
KEC,9562.0
KED,44329.0
KEE,64642.0
KEF,49288.0
KEG,65209.0
KEH,17100.0
KEI,74182.0
KEK,65515.0
KEL,118220.0
KEM,28631.0
KEN,41076.0
KEP,30869.0
KEQ,35415.0
KER,44232.0
KES,45301.0
KET,45494.0
KEV,70461.0
KEW,14240.0
KEY,38109.0
KF,471131.0
KFA,31948.0
KFC,4940.0
KFD,31164.0
KFE,34977.0
KFF,19832.0
KFG,35607.0
KFH,10913.0
KFI,30719.0
KFK,28569.0
KFL,42001.0
KFM,9100.0
KFN,23381.0
KFP,22016.0
KFQ,16874.0
KFR,22110.0
KFS,28900.0
KFT,24318.0
KFV,28552.0
KFW,7234.0
KFY,16812.0
KG,841637.0
KGA,51556.0
KGC,8712.0
KGD,50244.0
KGE,63762.0
KGF,36232.0
KGG,52022.0
KGH,18764.0
KGI,57016.0
KGK,62572.0
KGL,72696.0
KGM,19760.0
KGN,31895.0
KGP,29738.0
KGQ,31458.0
KGR,41521.0
KGS,52186.0
KGT,44860.0
KGV,58834.0
KGW,11374.0
KGY,42805.0
KH,292663.0
KHA,20166.0
KHC,4922.0
KHD,10912.0
KHE,10970.0
KHF,15090.0
KHG,23072.0
KHH,11969.0
KHI,19950.0
KHK,20600.0
KHL,29981.0
KHM,9862.0
KHN,14457.0
KHP,18364.0
KHQ,8622.0
KHR,9162.0
KHS,15987.0
KHT,13052.0
KHV,18983.0
KHW,4560.0
KHY,9948.0
KI,791246.0
KIA,61115.0
KIC,11446.0
KID,37534.0
KIE,49509.0
KIF,26483.0
KIG,48705.0
KIH,18027.0
KII,55168.0
KIK,50078.0
KIL,72726.0
KIM,16405.0
KIN,32975.0
KIP,36755.0
KIQ,31999.0
KIR,38467.0
KIS,50588.0
KIT,46274.0
KIV,60466.0
KIW,12457.0
KIY,30799.0
KK,828858.0
KKA,56182.0
KKC,12222.0
KKD,36731.0
KKE,51450.0
KKF,34012.0
KKG,54349.0
KKH,18063.0
KKI,68524.0
KKK,52174.0
KKL,90607.0
KKM,20612.0
KKN,35408.0
KKP,31933.0
KKQ,27501.0
KKR,31029.0
KKS,40011.0
KKT,39280.0
KKV,71290.0
KKW,12016.0
KKY,39560.0
KL,1199926.0
KLA,96252.0
KLC,16917.0
KLD,57711.0
KLE,79413.0
KLF,46090.0
KLG,70851.0
KLH,27129.0
KLI,75035.0
KLK,81287.0
KLL,120962.0
KLM,25354.0
KLN,57004.0
KLP,53915.0
KLQ,51660.0
KLR,55607.0
KLS,70402.0
KLT,73824.0
KLV,80991.0
KLW,15867.0
KLY,38043.0
KM,277384.0
KMA,25465.0
KMC,2372.0
KMD,14144.0
KME,14888.0
KMF,9810.0
KMG,18902.0
KMH,4208.0
KMI,20874.0
KMK,18664.0
KML,32163.0
KMM,7866.0
KMN,12944.0
KMP,11010.0
KMQ,7963.0
KMR,10924.0
KMS,15775.0
KMT,15355.0
KMV,21075.0
KMW,4412.0
KMY,7778.0
KN,605310.0
KNA,36905.0
KNC,8554.0
KND,26959.0
KNE,28087.0
KNF,28322.0
KNG,50737.0
KNH,12399.0
KNI,42482.0
KNK,41388.0
KNL,63720.0
KNM,14252.0
KNN,29178.0
KNP,31734.0
KNQ,18991.0
KNR,23463.0
KNS,33159.0
KNT,30547.0
KNV,43741.0
KNW,12794.0
KNY,23390.0
KP,586349.0
KPA,33582.0
KPC,7964.0
KPD,34028.0
KPE,49334.0
KPF,32937.0
KPG,57468.0
KPH,10196.0
KPI,29824.0
KPK,33209.0
KPL,60503.0
KPM,10543.0
KPN,20110.0
KPP,18967.0
KPQ,18966.0
KPR,19664.0
KPS,40032.0
KPT,27067.0
KPV,50535.0
KPW,8862.0
KPY,20083.0
KQ,469696.0
KQA,36244.0
KQC,5674.0
KQD,16605.0
KQE,29624.0
KQF,17907.0
KQG,32296.0
KQH,9372.0
KQI,35165.0
KQK,26631.0
KQL,61327.0
KQM,10653.0
KQN,17194.0
KQP,16912.0
KQQ,17713.0
KQR,23427.0
KQS,23922.0
KQT,23143.0
KQV,33975.0
KQW,8945.0
KQY,21007.0
KR,606736.0
KRA,42327.0
KRC,6342.0
KRD,23467.0
KRE,34616.0
KRF,32486.0
KRG,39668.0
KRH,13799.0
KRI,55907.0
KRK,31971.0
KRL,68942.0
KRM,16032.0
KRN,21031.0
KRP,24275.0
KRQ,21676.0
KRR,24291.0
KRS,33028.0
KRT,28361.0
KRV,51435.0
KRW,12426.0
KRY,21940.0
KS,723767.0
KSA,49096.0
KSC,13458.0
KSD,35394.0
KSE,35568.0
KSF,38155.0
KSG,56276.0
KSH,14796.0
KSI,48797.0
KSK,43994.0
KSL,69728.0
KSM,13864.0
KSN,35678.0
KSP,30832.0
KSQ,20012.0
KSR,31064.0
KSS,47488.0
KST,48432.0
KSV,47790.0
KSW,11022.0
KSY,28427.0
KT,717919.0
KTA,45802.0
KTC,10740.0
KTD,28194.0
KTE,36814.0
KTF,34053.0
KTG,52077.0
KTH,18154.0
KTI,55081.0
KTK,41164.0
KTL,77140.0
KTM,13207.0
KTN,26640.0
KTP,39906.0
KTQ,22043.0
KTR,29656.0
KTS,41403.0
KTT,42530.0
KTV,58685.0
KTW,13444.0
KTY,28534.0
KV,930368.0
KVA,66918.0
KVC,14898.0
KVD,55878.0
KVE,64560.0
KVF,39218.0
KVG,60912.0
KVH,15688.0
KVI,62605.0
KVK,58847.0
KVL,92169.0
KVM,19908.0
KVN,37613.0
KVP,33266.0
KVQ,29619.0
KVR,42979.0
KVS,51191.0
KVT,63010.0
KVV,73128.0
KVW,11199.0
KVY,33696.0
KW,170182.0
KWA,12659.0
KWC,1360.0
KWD,11955.0
KWE,16404.0
KWF,6762.0
KWG,8145.0
KWH,3110.0
KWI,9977.0
KWK,11248.0
KWL,13050.0
KWM,5474.0
KWN,7104.0
KWP,5150.0
KWQ,5796.0
KWR,8842.0
KWS,10784.0
KWT,10358.0
KWV,10256.0
KWW,4054.0
KWY,7432.0
KY,484625.0
KYA,34405.0
KYC,6850.0
KYD,27248.0
KYE,25402.0
KYF,23724.0
KYG,45426.0
KYH,9866.0
KYI,27484.0
KYK,28735.0
KYL,46386.0
KYM,9562.0
KYN,27017.0
KYP,23833.0
KYQ,15784.0
KYR,19772.0
KYS,26469.0
KYT,20812.0
KYV,32198.0
KYW,9366.0
KYY,19630.0
L,21196650.0
LA,1740212.0
LAA,183436.0
LAC,21524.0
LAD,111031.0
LAE,139201.0
LAF,54692.0
LAG,120771.0
LAH,45158.0
LAI,68071.0
LAK,119702.0
LAL,139730.0
LAM,34122.0
LAN,65680.0
LAP,75382.0
LAQ,77915.0
LAR,109427.0
LAS,105314.0
LAT,92203.0
LAV,107645.0
LAW,21482.0
LAY,42894.0
LC,285852.0
LCA,20097.0
LCC,5481.0
LCD,20758.0
LCE,17821.0
LCF,11601.0
LCG,24369.0
LCH,7608.0
LCI,12666.0
LCK,15824.0
LCL,23906.0
LCM,4909.0
LCN,11756.0
LCP,12942.0
LCQ,12914.0
LCR,14992.0
LCS,21698.0
LCT,15230.0
LCV,18068.0
LCW,3042.0
LCY,9584.0
LD,1231066.0
LDA,99291.0
LDC,14376.0
LDD,67639.0
LDE,88228.0
LDF,52584.0
LDG,83700.0
LDH,26272.0
LDI,67173.0
LDK,80965.0
LDL,107059.0
LDM,30195.0
LDN,49732.0
LDP,63603.0
LDQ,45168.0
LDR,65714.0
LDS,81499.0
LDT,65580.0
LDV,79391.0
LDW,16318.0
LDY,43729.0
LE,1459491.0
LEA,120854.0
LEC,16617.0
LED,95195.0
LEE,126128.0
LEF,47325.0
LEG,89702.0
LEH,61192.0
LEI,68999.0
LEK,125884.0
LEL,113309.0
LEM,26826.0
LEN,75774.0
LEP,54557.0
LEQ,57464.0
LER,90066.0
LES,81697.0
LET,64050.0
LEV,83371.0
LEW,19940.0
LEY,36339.0
LF,741532.0
LFA,51044.0
LFC,12395.0
LFD,48308.0
LFE,49338.0
LFF,27829.0
LFG,54606.0
LFH,20109.0
LFI,35068.0
LFK,40402.0
LFL,65232.0
LFM,11388.0
LFN,38847.0
LFP,37872.0
LFQ,34585.0
LFR,40251.0
LFS,51965.0
LFT,40866.0
LFV,42120.0
LFW,9512.0
LFY,25026.0
LG,1440968.0
LGA,112738.0
LGC,30945.0
LGD,79019.0
LGE,86172.0
LGF,61484.0
LGG,109223.0
LGH,36764.0
LGI,91105.0
LGK,81291.0
LGL,127197.0
LGM,30920.0
LGN,62926.0
LGP,54278.0
LGQ,52404.0
LGR,74899.0
LGS,90117.0
LGT,89203.0
LGV,99927.0
LGW,20179.0
LGY,45503.0
LH,509844.0
LHA,41371.0
LHC,8063.0
LHD,26350.0
LHE,28972.0
LHF,21796.0
LHG,33819.0
LHH,16636.0
LHI,26294.0
LHK,23956.0
LHL,47727.0
LHM,8291.0
LHN,19462.0
LHP,25998.0
LHQ,23189.0
LHR,34713.0
LHS,36936.0
LHT,25124.0
LHV,32561.0
LHW,9366.0
LHY,18288.0
LI,1065219.0
LIA,89811.0
LIC,16160.0
LID,76673.0
LIE,81447.0
LIF,34410.0
LIG,77861.0
LIH,26126.0
LII,46687.0
LIK,68444.0
LIL,74952.0
LIM,15462.0
LIN,58416.0
LIP,47491.0
LIQ,44337.0
LIR,60450.0
LIS,74348.0
LIT,60961.0
LIV,64321.0
LIW,8564.0
LIY,36414.0
LK,1325168.0
LKA,109475.0
LKC,15910.0
LKD,88032.0
LKE,136984.0
LKF,38694.0
LKG,81047.0
LKH,31456.0
LKI,58262.0
LKK,95513.0
LKL,94087.0
LKM,24290.0
LKN,73707.0
LKP,77134.0
LKQ,52203.0
LKR,63241.0
LKS,80801.0
LKT,71321.0
LKV,70413.0
LKW,12950.0
LKY,43054.0
LL,1917309.0
LLA,158586.0
LLC,24752.0
LLD,135950.0
LLE,151562.0
LLF,57106.0
LLG,133785.0
LLH,45803.0
LLI,85430.0
LLK,133182.0
LLL,151410.0
LLM,34217.0
LLN,89683.0
LLP,91004.0
LLQ,92738.0
LLR,115442.0
LLS,136411.0
LLT,106280.0
LLV,100964.0
LLW,18273.0
LLY,50809.0
LM,434521.0
LMA,38524.0
LMC,5888.0
LMD,28555.0
LME,34298.0
LMF,12789.0
LMG,30436.0
LMH,11436.0
LMI,19056.0
LMK,31790.0
LML,30237.0
LMM,9640.0
LMN,20814.0
LMP,19088.0
LMQ,19218.0
LMR,24196.0
LMS,26633.0
LMT,26459.0
LMV,25222.0
LMW,5584.0
LMY,13640.0
LN,915214.0
LNA,64276.0
LNC,16171.0
LND,55060.0
LNE,71141.0
LNF,31801.0
LNG,63100.0
LNH,24794.0
LNI,46401.0
LNK,58446.0
LNL,76975.0
LNM,15619.0
LNN,46883.0
LNP,46076.0
LNQ,34146.0
LNR,49222.0
LNS,60684.0
LNT,49814.0
LNV,55080.0
LNW,14422.0
LNY,27859.0
LP,1027430.0
LPA,85547.0
LPC,10655.0
LPD,71580.0
LPE,85631.0
LPF,44296.0
LPG,73697.0
LPH,21738.0
LPI,47874.0
LPK,56643.0
LPL,86657.0
LPM,18340.0
LPN,39290.0
LPP,67444.0
LPQ,42612.0
LPR,44169.0
LPS,65324.0
LPT,50177.0
LPV,71748.0
LPW,11798.0
LPY,28916.0
LQ,887979.0
LQA,77100.0
LQC,12258.0
LQD,60886.0
LQE,77559.0
LQF,22357.0
LQG,60100.0
LQH,21878.0
LQI,37750.0
LQK,56607.0
LQL,69470.0
LQM,22576.0
LQN,42319.0
LQP,38811.0
LQQ,46835.0
LQR,47919.0
LQS,62764.0
LQT,39564.0
LQV,44766.0
LQW,12352.0
LQY,31358.0
LR,1172092.0
LRA,96357.0
LRC,17334.0
LRD,79657.0
LRE,102532.0
LRF,40630.0
LRG,78279.0
LRH,29628.0
LRI,54984.0
LRK,72232.0
LRL,102706.0
LRM,21834.0
LRN,50923.0
LRP,48694.0
LRQ,55217.0
LRR,70506.0
LRS,71944.0
LRT,54194.0
LRV,69684.0
LRW,15306.0
LRY,34829.0
LS,1397629.0
LSA,111483.0
LSC,29634.0
LSD,84949.0
LSE,92016.0
LSF,53862.0
LSG,100315.0
LSH,35514.0
LSI,53893.0
LSK,85077.0
LSL,113292.0
LSM,26010.0
LSN,60112.0
LSP,73795.0
LSQ,61266.0
LSR,76474.0
LSS,120305.0
LST,70956.0
LSV,85587.0
LSW,18676.0
LSY,39953.0
LT,1243508.0
LTA,93125.0
LTC,17120.0
LTD,76728.0
LTE,95014.0
LTF,42290.0
LTG,103494.0
LTH,29545.0
LTI,61280.0
LTK,70193.0
LTL,109058.0
LTM,23100.0
LTN,50466.0
LTP,71648.0
LTQ,57342.0
LTR,53854.0
LTS,79410.0
LTT,70267.0
LTV,87456.0
LTW,15596.0
LTY,33110.0
LV,1427255.0
LVA,111204.0
LVC,26215.0
LVD,99092.0
LVE,106984.0
LVF,48666.0
LVG,100634.0
LVH,34648.0
LVI,57725.0
LVK,99016.0
LVL,109380.0
LVM,25387.0
LVN,63060.0
LVP,94924.0
LVQ,58864.0
LVR,71216.0
LVS,91274.0
LVT,82574.0
LVV,89953.0
LVW,16268.0
LVY,36343.0
LW,240086.0
LWA,15655.0
LWC,3426.0
LWD,16487.0
LWE,17260.0
LWF,10270.0
LWG,16853.0
LWH,5924.0
LWI,9404.0
LWK,19056.0
LWL,21060.0
LWM,6018.0
LWN,11449.0
LWP,10156.0
LWQ,9826.0
LWR,11534.0
LWS,16290.0
LWT,12008.0
LWV,14382.0
LWW,2512.0
LWY,8944.0
LY,672890.0
LYA,47717.0
LYC,11215.0
LYD,43803.0
LYE,43231.0
LYF,51763.0
LYG,48096.0
LYH,14984.0
LYI,26363.0
LYK,35731.0
LYL,54476.0
LYM,12733.0
LYN,32481.0
LYP,29483.0
LYQ,32685.0
LYR,39631.0
LYS,49283.0
LYT,30982.0
LYV,32071.0
LYW,6458.0
LYY,26596.0
M,5484918.0
MA,497663.0
MAA,50604.0
MAC,7511.0
MAD,28828.0
MAE,36606.0
MAF,19025.0
MAG,27756.0
MAH,18768.0
MAI,20920.0
MAK,33024.0
MAL,41445.0
MAM,10162.0
MAN,16050.0
MAP,18772.0
MAQ,17474.0
MAR,25294.0
MAS,42080.0
MAT,31827.0
MAV,27397.0
MAW,6252.0
MAY,15598.0
MC,67184.0
MCA,6258.0
MCC,1206.0
MCD,6688.0
MCE,4116.0
MCF,1728.0
MCG,5258.0
MCH,1450.0
MCI,3974.0
MCK,2556.0
MCL,5318.0
MCM,1704.0
MCN,2444.0
MCP,2622.0
MCQ,2710.0
MCR,3688.0
MCS,4568.0
MCT,3894.0
MCV,3644.0
MCW,1086.0
MCY,2216.0
MD,319181.0
MDA,24387.0
MDC,5360.0
MDD,16988.0
MDE,25288.0
MDF,16717.0
MDG,20164.0
MDH,6392.0
MDI,16684.0
MDK,22196.0
MDL,31084.0
MDM,8604.0
MDN,10908.0
MDP,14395.0
MDQ,10171.0
MDR,15906.0
MDS,18636.0
MDT,13813.0
MDV,23074.0
MDW,4486.0
MDY,13624.0
ME,381080.0
MEA,28510.0
MEC,4266.0
MED,19856.0
MEE,32192.0
MEF,13322.0
MEG,22010.0
MEH,11132.0
MEI,16871.0
MEK,32028.0
MEL,34734.0
MEM,10324.0
MEN,21889.0
MEP,12752.0
MEQ,18236.0
MER,22712.0
MES,24738.0
MET,17980.0
MEV,21135.0
MEW,2811.0
MEY,12044.0
MF,185394.0
MFA,12198.0
MFC,4158.0
MFD,15681.0
MFE,13813.0
MFF,7106.0
MFG,14719.0
MFH,3700.0
MFI,10276.0
MFK,9530.0
MFL,13823.0
MFM,2768.0
MFN,10831.0
MFP,7078.0
MFQ,6232.0
MFR,10782.0
MFS,12608.0
MFT,10684.0
MFV,11829.0
MFW,2372.0
MFY,4754.0
MG,435491.0
MGA,34162.0
MGC,5263.0
MGD,19124.0
MGE,24505.0
MGF,16302.0
MGG,29556.0
MGH,14408.0
MGI,24143.0
MGK,19691.0
MGL,34601.0
MGM,11142.0
MGN,17552.0
MGP,13876.0
MGQ,12344.0
MGR,24635.0
MGS,62848.0
MGT,23500.0
MGV,25905.0
MGW,7095.0
MGY,13835.0
MH,129548.0
MHA,7658.0
MHC,2050.0
MHD,5454.0
MHE,7997.0
MHF,4292.0
MHG,9002.0
MHH,22610.0
MHI,5750.0
MHK,5344.0
MHL,9202.0
MHM,2178.0
MHN,4598.0
MHP,5300.0
MHQ,4728.0
MHR,7566.0
MHS,5730.0
MHT,6348.0
MHV,5864.0
MHW,3265.0
MHY,4354.0
MI,278115.0
MIA,21401.0
MIC,3345.0
MID,20656.0
MIE,18485.0
MIF,11464.0
MIG,25203.0
MIH,7515.0
MII,14598.0
MIK,18602.0
MIL,22123.0
MIM,5002.0
MIN,12830.0
MIP,11138.0
MIQ,11872.0
MIR,14093.0
MIS,16778.0
MIT,15988.0
MIV,15200.0
MIW,3296.0
MIY,8286.0
MK,350276.0
MKA,25286.0
MKC,5436.0
MKD,20334.0
MKE,31179.0
MKF,11186.0
MKG,21620.0
MKH,12316.0
MKI,22094.0
MKK,27850.0
MKL,27474.0
MKM,7230.0
MKN,14364.0
MKP,12754.0
MKQ,15538.0
MKR,20783.0
MKS,17656.0
MKT,16554.0
MKV,20710.0
MKW,3732.0
MKY,15486.0
ML,464704.0
MLA,37319.0
MLC,6132.0
MLD,29010.0
MLE,33964.0
MLF,14635.0
MLG,29031.0
MLH,10346.0
MLI,19150.0
MLK,31767.0
MLL,37033.0
MLM,10332.0
MLN,29801.0
MLP,22165.0
MLQ,23920.0
MLR,28384.0
MLS,31648.0
MLT,25205.0
MLV,26802.0
MLW,4228.0
MLY,12778.0
MM,132733.0
MMA,12006.0
MMC,1548.0
MMD,8846.0
MME,7816.0
MMF,4228.0
MMG,10896.0
MMH,2488.0
MMI,6210.0
MMK,10000.0
MML,9837.0
MMM,3618.0
MMN,7496.0
MMP,4147.0
MMQ,6238.0
MMR,7050.0
MMS,7650.0
MMT,10083.0
MMV,6816.0
MMW,1086.0
MMY,4374.0
MN,245136.0
MNA,17540.0
MNC,1724.0
MND,15981.0
MNE,13933.0
MNF,10527.0
MNG,14932.0
MNH,6238.0
MNI,15327.0
MNK,15136.0
MNL,21804.0
MNM,5048.0
MNN,10812.0
MNP,14392.0
MNQ,7074.0
MNR,12958.0
MNS,17367.0
MNT,15466.0
MNV,14472.0
MNW,2922.0
MNY,10985.0
MP,232301.0
MPA,17520.0
MPC,2792.0
MPD,11861.0
MPE,16763.0
MPF,9502.0
MPG,22166.0
MPH,6040.0
MPI,11666.0
MPK,10884.0
MPL,18152.0
MPM,4486.0
MPN,13854.0
MPP,12527.0
MPQ,9645.0
MPR,7800.0
MPS,16305.0
MPT,10944.0
MPV,17202.0
MPW,2390.0
MPY,8950.0
MQ,194580.0
MQA,15362.0
MQC,2564.0
MQD,11304.0
MQE,15948.0
MQF,8794.0
MQG,11538.0
MQH,4583.0
MQI,11048.0
MQK,15732.0
MQL,16959.0
MQM,7050.0
MQN,9190.0
MQP,6575.0
MQQ,8754.0
MQR,10806.0
MQS,10425.0
MQT,10232.0
MQV,10036.0
MQW,2658.0
MQY,4642.0
MR,273475.0
MRA,19978.0
MRC,3216.0
MRD,16582.0
MRE,22208.0
MRF,10920.0
MRG,21874.0
MRH,6208.0
MRI,14183.0
MRK,18616.0
MRL,22918.0
MRM,6138.0
MRN,10719.0
MRP,14528.0
MRQ,9888.0
MRR,15412.0
MRS,15201.0
MRT,14238.0
MRV,17860.0
MRW,2816.0
MRY,8812.0
MS,360421.0
MSA,29389.0
MSC,4144.0
MSD,19406.0
MSE,26672.0
MSF,14662.0
MSG,26311.0
MSH,8254.0
MSI,14966.0
MSK,21570.0
MSL,37298.0
MSM,8957.0
MSN,15805.0
MSP,12959.0
MSQ,14940.0
MSR,16968.0
MSS,26505.0
MST,20363.0
MSV,21414.0
MSW,5864.0
MSY,12914.0
MT,329145.0
MTA,23974.0
MTC,3782.0
MTD,19082.0
MTE,21340.0
MTF,11990.0
MTG,25193.0
MTH,9682.0
MTI,17000.0
MTK,21485.0
MTL,25248.0
MTM,6744.0
MTN,13235.0
MTP,18286.0
MTQ,16798.0
MTR,17597.0
MTS,21776.0
MTT,19411.0
MTV,21731.0
MTW,3420.0
MTY,10677.0
MV,374809.0
MVA,29472.0
MVC,4542.0
MVD,27687.0
MVE,27938.0
MVF,14594.0
MVG,24363.0
MVH,9002.0
MVI,15536.0
MVK,22704.0
MVL,34770.0
MVM,9216.0
MVN,17264.0
MVP,14145.0
MVQ,14802.0
MVR,18579.0
MVS,25647.0
MVT,25469.0
MVV,20598.0
MVW,7206.0
MVY,10683.0
MW,63811.0
MWA,4556.0
MWC,414.0
MWD,3964.0
MWE,5724.0
MWF,2160.0
MWG,3772.0
MWH,1542.0
MWI,4291.0
MWK,5094.0
MWL,5006.0
MWM,864.0
MWN,4426.0
MWP,2450.0
MWQ,3176.0
MWR,3582.0
MWS,4466.0
MWT,3654.0
MWV,1996.0
MWW,804.0
MWY,1800.0
MY,156557.0
MYA,14252.0
MYC,1262.0
MYD,10348.0
MYE,9431.0
MYF,5706.0
MYG,11441.0
MYH,4014.0
MYI,8246.0
MYK,7352.0
MYL,11930.0
MYM,3276.0
MYN,7726.0
MYP,9996.0
MYQ,7296.0
MYR,6753.0
MYS,11425.0
MYT,9118.0
MYV,8660.0
MYW,2962.0
MYY,4825.0
N,9942040.0
NA,732972.0
NAA,67070.0
NAC,14976.0
NAD,39853.0
NAE,41097.0
NAF,29691.0
NAG,51583.0
NAH,14770.0
NAI,48298.0
NAK,42151.0
NAL,68981.0
NAM,25964.0
NAN,25909.0
NAP,27309.0
NAQ,29747.0
NAR,30732.0
NAS,43378.0
NAT,44856.0
NAV,49767.0
NAW,12886.0
NAY,22498.0
NC,160727.0
NCA,12146.0
NCC,2052.0
NCD,8224.0
NCE,6604.0
NCF,5175.0
NCG,10082.0
NCH,3104.0
NCI,9020.0
NCK,6866.0
NCL,13388.0
NCM,3362.0
NCN,7826.0
NCP,8862.0
NCQ,4493.0
NCR,5620.0
NCS,9739.0
NCT,14900.0
NCV,11468.0
NCW,1892.0
NCY,15738.0
ND,492325.0
NDA,33822.0
NDC,4274.0
NDD,24616.0
NDE,27568.0
NDF,24413.0
NDG,33262.0
NDH,9083.0
NDI,42448.0
NDK,26898.0
NDL,50340.0
NDM,10219.0
NDN,22594.0
NDP,32895.0
NDQ,17406.0
NDR,21248.0
NDS,26058.0
NDT,25493.0
NDV,31176.0
NDW,8408.0
NDY,19244.0
NE,565784.0
NEA,43238.0
NEC,6296.0
NED,36204.0
NEE,41685.0
NEF,22770.0
NEG,28702.0
NEH,9722.0
NEI,36052.0
NEK,39646.0
NEL,54474.0
NEM,12264.0
NEN,26778.0
NEP,21996.0
NEQ,26111.0
NER,25810.0
NES,26124.0
NET,30085.0
NEV,42570.0
NEW,8657.0
NEY,23250.0
NF,434876.0
NFA,29020.0
NFC,6062.0
NFD,26159.0
NFE,24948.0
NFF,16963.0
NFG,27928.0
NFH,8420.0
NFI,22721.0
NFK,28991.0
NFL,38705.0
NFM,7665.0
NFN,27724.0
NFP,19706.0
NFQ,15452.0
NFR,22751.0
NFS,31575.0
NFT,28123.0
NFV,24439.0
NFW,4546.0
NFY,22254.0
NG,784143.0
NGA,47328.0
NGC,10960.0
NGD,39752.0
NGE,50770.0
NGF,28395.0
NGG,47478.0
NGH,18952.0
NGI,51093.0
NGK,72783.0
NGL,57060.0
NGM,17448.0
NGN,35894.0
NGP,29680.0
NGQ,32848.0
NGR,35329.0
NGS,49839.0
NGT,57640.0
NGV,60821.0
NGW,11697.0
NGY,26820.0
NH,219737.0
NHA,11611.0
NHC,4496.0
NHD,10437.0
NHE,13018.0
NHF,10901.0
NHG,12498.0
NHH,7662.0
NHI,16232.0
NHK,15923.0
NHL,20602.0
NHM,3868.0
NHN,8360.0
NHP,15670.0
NHQ,6611.0
NHR,7604.0
NHS,10812.0
NHT,15016.0
NHV,15482.0
NHW,2772.0
NHY,9416.0
NI,626797.0
NIA,46911.0
NIC,8022.0
NID,41401.0
NIE,34282.0
NIF,28199.0
NIG,31065.0
NIH,14969.0
NII,46300.0
NIK,33291.0
NIL,65562.0
NIM,13704.0
NIN,26007.0
NIP,35660.0
NIQ,24798.0
NIR,26830.0
NIS,35718.0
NIT,44385.0
NIV,42463.0
NIW,6982.0
NIY,18604.0
NK,532691.0
NKA,33542.0
NKC,9843.0
NKD,32046.0
NKE,38412.0
NKF,19712.0
NKG,30314.0
NKH,11466.0
NKI,40232.0
NKK,33537.0
NKL,52116.0
NKM,10042.0
NKN,25254.0
NKP,25757.0
NKQ,17099.0
NKR,27302.0
NKS,27071.0
NKT,28475.0
NKV,37959.0
NKW,8486.0
NKY,22400.0
NL,932553.0
NLA,64562.0
NLC,15706.0
NLD,50978.0
NLE,54379.0
NLF,33542.0
NLG,50810.0
NLH,19089.0
NLI,48055.0
NLK,63753.0
NLL,89253.0
NLM,18950.0
NLN,41977.0
NLP,49206.0
NLQ,37324.0
NLR,50384.0
NLS,57205.0
NLT,51865.0
NLV,65178.0
NLW,7970.0
NLY,59902.0
NM,206079.0
NMA,13808.0
NMC,1856.0
NMD,13192.0
NME,12414.0
NMF,8891.0
NMG,13804.0
NMH,3192.0
NMI,11520.0
NMK,12354.0
NML,21821.0
NMM,5984.0
NMN,10833.0
NMP,10018.0
NMQ,5322.0
NMR,8974.0
NMS,10666.0
NMT,12159.0
NMV,18432.0
NMW,4510.0
NMY,5909.0
NN,472744.0
NNA,34974.0
NNC,8060.0
NND,19908.0
NNE,25681.0
NNF,24170.0
NNG,31842.0
NNH,8201.0
NNI,30364.0
NNK,26784.0
NNL,42153.0
NNM,9784.0
NNN,23777.0
NNP,24242.0
NNQ,16436.0
NNR,21388.0
NNS,33737.0
NNT,30024.0
NNV,30917.0
NNW,8332.0
NNY,20594.0
NP,549143.0
NPA,39168.0
NPC,6592.0
NPD,46243.0
NPE,41973.0
NPF,18013.0
NPG,30491.0
NPH,13971.0
NPI,23575.0
NPK,35716.0
NPL,37907.0
NPM,12060.0
NPN,35805.0
NPP,24278.0
NPQ,24410.0
NPR,25386.0
NPS,37429.0
NPT,34450.0
NPV,34109.0
NPW,7702.0
NPY,18771.0
NQ,357734.0
NQA,24319.0
NQC,4051.0
NQD,17921.0
NQE,17599.0
NQF,19566.0
NQG,21948.0
NQH,11398.0
NQI,24489.0
NQK,20469.0
NQL,36588.0
NQM,8556.0
NQN,14832.0
NQP,16021.0
NQQ,16075.0
NQR,16984.0
NQS,21801.0
NQT,18329.0
NQV,25682.0
NQW,5132.0
NQY,14268.0
NR,445053.0
NRA,31486.0
NRC,7074.0
NRD,25464.0
NRE,29130.0
NRF,21117.0
NRG,26611.0
NRH,9216.0
NRI,31500.0
NRK,18566.0
NRL,49551.0
NRM,8893.0
NRN,21201.0
NRP,22274.0
NRQ,19248.0
NRR,21192.0
NRS,22971.0
NRT,19526.0
NRV,33084.0
NRW,7424.0
NRY,17663.0
NS,622273.0
NSA,43411.0
NSC,6378.0
NSD,28210.0
NSE,28534.0
NSF,28570.0
NSG,46374.0
NSH,12827.0
NSI,41912.0
NSK,32336.0
NSL,65019.0
NSM,12466.0
NSN,30508.0
NSP,29497.0
NSQ,25361.0
NSR,28935.0
NSS,42978.0
NST,41703.0
NSV,39425.0
NSW,12780.0
NSY,23309.0
NT,544231.0
NTA,39758.0
NTC,5693.0
NTD,32098.0
NTE,28674.0
NTF,27280.0
NTG,31689.0
NTH,10912.0
NTI,30766.0
NTK,31147.0
NTL,55542.0
NTM,13766.0
NTN,23875.0
NTP,33060.0
NTQ,22668.0
NTR,19282.0
NTS,33096.0
NTT,30994.0
NTV,45741.0
NTW,7710.0
NTY,19328.0
NV,691549.0
NVA,52367.0
NVC,7694.0
NVD,36741.0
NVE,38752.0
NVF,26494.0
NVG,40146.0
NVH,14052.0
NVI,40799.0
NVK,45563.0
NVL,62142.0
NVM,16346.0
NVN,34832.0
NVP,37029.0
NVQ,25988.0
NVR,28922.0
NVS,40454.0
NVT,50981.0
NVV,53206.0
NVW,11475.0
NVY,26446.0
NW,155612.0
NWA,13274.0
NWC,1850.0
NWD,8574.0
NWE,11466.0
NWF,5006.0
NWG,10796.0
NWH,3242.0
NWI,7470.0
NWK,10628.0
NWL,13152.0
NWM,5834.0
NWN,6506.0
NWP,6176.0
NWQ,6457.0
NWR,9956.0
NWS,7830.0
NWT,7734.0
NWV,11813.0
NWW,1332.0
NWY,6286.0
NY,378977.0
NYA,23848.0
NYC,8027.0
NYD,21604.0
NYE,23247.0
NYF,14113.0
NYG,24151.0
NYH,8740.0
NYI,23202.0
NYK,21493.0
NYL,37648.0
NYM,7879.0
NYN,20174.0
NYP,18092.0
NYQ,13783.0
NYR,22066.0
NYS,20714.0
NYT,24414.0
NYV,22684.0
NYW,4480.0
NYY,18172.0
P,10823451.0
PA,835835.0
PAA,69234.0
PAC,9052.0
PAD,53618.0
PAE,51875.0
PAF,31472.0
PAG,65109.0
PAH,18186.0
PAI,42280.0
PAK,33754.0
PAL,78962.0
PAM,16082.0
PAN,39069.0
PAP,48127.0
PAQ,31848.0
PAR,37124.0
PAS,57519.0
PAT,49127.0
PAV,66088.0
PAW,9778.0
PAY,24385.0
PC,128264.0
PCA,8144.0
PCC,2534.0
PCD,6991.0
PCE,4124.0
PCF,4798.0
PCG,8042.0
PCH,3678.0
PCI,7012.0
PCK,6673.0
PCL,9271.0
PCM,2516.0
PCN,6400.0
PCP,8007.0
PCQ,3683.0
PCR,6550.0
PCS,14073.0
PCT,8896.0
PCV,9312.0
PCW,2280.0
PCY,4970.0
PD,681553.0
PDA,48103.0
PDC,8344.0
PDD,40712.0
PDE,41294.0
PDF,30614.0
PDG,72219.0
PDH,17915.0
PDI,37802.0
PDK,31621.0
PDL,61207.0
PDM,16009.0
PDN,29522.0
PDP,34905.0
PDQ,23703.0
PDR,31119.0
PDS,38065.0
PDT,31650.0
PDV,45479.0
PDW,9036.0
PDY,31120.0
PE,883546.0
PEA,68032.0
PEC,8562.0
PED,57961.0
PEE,70665.0
PEF,35732.0
PEG,64349.0
PEH,23123.0
PEI,46340.0
PEK,42794.0
PEL,83569.0
PEM,16595.0
PEN,42647.0
PEP,39094.0
PEQ,33703.0
PER,43873.0
PES,46199.0
PET,45899.0
PEV,63463.0
PEW,15979.0
PEY,31575.0
PF,456897.0
PFA,31610.0
PFC,4930.0
PFD,28944.0
PFE,25935.0
PFF,25797.0
PFG,37893.0
PFH,11870.0
PFI,25047.0
PFK,18413.0
PFL,40084.0
PFM,10252.0
PFN,19391.0
PFP,20810.0
PFQ,19232.0
PFR,19643.0
PFS,32508.0
PFT,27368.0
PFV,34094.0
PFW,4812.0
PFY,17156.0
PG,864097.0
PGA,61962.0
PGC,12074.0
PGD,57699.0
PGE,53234.0
PGF,40664.0
PGG,67091.0
PGH,22996.0
PGI,38743.0
PGK,47840.0
PGL,60579.0
PGM,23320.0
PGN,26704.0
PGP,37482.0
PGQ,42408.0
PGR,40957.0
PGS,69043.0
PGT,58503.0
PGV,61685.0
PGW,9906.0
PGY,28303.0
PH,241161.0
PHA,17120.0
PHC,4914.0
PHD,11360.0
PHE,10281.0
PHF,13790.0
PHG,18146.0
PHH,7010.0
PHI,17160.0
PHK,10058.0
PHL,26050.0
PHM,5718.0
PHN,8824.0
PHP,17842.0
PHQ,9332.0
PHR,10712.0
PHS,13534.0
PHT,10304.0
PHV,16773.0
PHW,3522.0
PHY,7789.0
PI,519501.0
PIA,37933.0
PIC,6474.0
PID,30082.0
PIE,33426.0
PIF,20026.0
PIG,36647.0
PIH,14612.0
PII,28953.0
PIK,25475.0
PIL,46918.0
PIM,10562.0
PIN,19610.0
PIP,30868.0
PIQ,16856.0
PIR,25196.0
PIS,36730.0
PIT,33571.0
PIV,38228.0
PIW,5064.0
PIY,21262.0
PK,529489.0
PKA,41526.0
PKC,4776.0
PKD,35676.0
PKE,39484.0
PKF,21704.0
PKG,38466.0
PKH,9278.0
PKI,32640.0
PKK,28425.0
PKL,47413.0
PKM,12102.0
PKN,21473.0
PKP,27174.0
PKQ,13782.0
PKR,22160.0
PKS,30094.0
PKT,35244.0
PKV,37488.0
PKW,6802.0
PKY,18492.0
PL,940331.0
PLA,81452.0
PLC,11545.0
PLD,55310.0
PLE,50705.0
PLF,35406.0
PLG,64938.0
PLH,24422.0
PLI,47174.0
PLK,45094.0
PLL,97839.0
PLM,20888.0
PLN,30984.0
PLP,56693.0
PLQ,34021.0
PLR,42239.0
PLS,63631.0
PLT,65195.0
PLV,70539.0
PLW,11146.0
PLY,28322.0
PM,203948.0
PMA,16826.0
PMC,4760.0
PMD,17796.0
PME,11056.0
PMF,9032.0
PMG,15645.0
PMH,3962.0
PMI,10740.0
PMK,6690.0
PML,19411.0
PMM,7590.0
PMN,7152.0
PMP,9900.0
PMQ,6441.0
PMR,6866.0
PMS,12380.0
PMT,10932.0
PMV,16386.0
PMW,2616.0
PMY,7343.0
PN,454210.0
PNA,34573.0
PNC,8958.0
PND,25075.0
PNE,23831.0
PNF,19647.0
PNG,37622.0
PNH,9578.0
PNI,33551.0
PNK,22672.0
PNL,41669.0
PNM,8235.0
PNN,22396.0
PNP,23633.0
PNQ,13850.0
PNR,18532.0
PNS,28736.0
PNT,24150.0
PNV,31983.0
PNW,5162.0
PNY,19669.0
PP,534642.0
PPA,41406.0
PPC,7298.0
PPD,24498.0
PPE,49302.0
PPF,19556.0
PPG,53865.0
PPH,14170.0
PPI,24396.0
PPK,27746.0
PPL,44383.0
PPM,7706.0
PPN,15890.0
PPP,43264.0
PPQ,20629.0
PPR,22291.0
PPS,38972.0
PPT,27947.0
PPV,29488.0
PPW,3460.0
PPY,14817.0
PQ,415828.0
PQA,28743.0
PQC,5462.0
PQD,22545.0
PQE,29587.0
PQF,22703.0
PQG,32056.0
PQH,10272.0
PQI,26687.0
PQK,18010.0
PQL,35439.0
PQM,9198.0
PQN,14634.0
PQP,23806.0
PQQ,18816.0
PQR,17145.0
PQS,23254.0
PQT,24899.0
PQV,32550.0
PQW,5622.0
PQY,12832.0
PR,506115.0
PRA,36833.0
PRC,6242.0
PRD,27209.0
PRE,35553.0
PRF,24584.0
PRG,70592.0
PRH,17996.0
PRI,24804.0
PRK,17792.0
PRL,43551.0
PRM,10372.0
PRN,17151.0
PRP,27858.0
PRQ,11064.0
PRR,23764.0
PRS,26125.0
PRT,27260.0
PRV,29482.0
PRW,7690.0
PRY,17911.0
PS,717694.0
PSA,46316.0
PSC,7762.0
PSD,44332.0
PSE,39183.0
PSF,34049.0
PSG,58076.0
PSH,14084.0
PSI,36046.0
PSK,37652.0
PSL,60364.0
PSM,12773.0
PSN,32122.0
PSP,37810.0
PSQ,29652.0
PSR,33694.0
PSS,62057.0
PST,37489.0
PSV,57142.0
PSW,10046.0
PSY,24115.0
PT,584457.0
PTA,38724.0
PTC,5964.0
PTD,29079.0
PTE,37873.0
PTF,24772.0
PTG,48184.0
PTH,12044.0
PTI,33857.0
PTK,27155.0
PTL,59130.0
PTM,10627.0
PTN,22582.0
PTP,36122.0
PTQ,20575.0
PTR,22749.0
PTS,38630.0
PTT,35612.0
PTV,47718.0
PTW,9290.0
PTY,21082.0
PV,788031.0
PVA,59516.0
PVC,10292.0
PVD,43989.0
PVE,42914.0
PVF,35663.0
PVG,47176.0
PVH,20830.0
PVI,48646.0
PVK,35882.0
PVL,74153.0
PVM,16558.0
PVN,32642.0
PVP,40995.0
PVQ,29307.0
PVR,35720.0
PVS,52872.0
PVT,58793.0
PVV,61070.0
PVW,11429.0
PVY,26834.0
PW,152457.0
PWA,11394.0
PWC,2180.0
PWD,7906.0
PWE,7602.0
PWF,5487.0
PWG,10244.0
PWH,3948.0
PWI,10605.0
PWK,7155.0
PWL,11890.0
PWM,3514.0
PWN,12805.0
PWP,7322.0
PWQ,7564.0
PWR,6515.0
PWS,10342.0
PWT,9650.0
PWV,8964.0
PWW,2286.0
PWY,4558.0
PY,344101.0
PYA,21285.0
PYC,4012.0
PYD,19289.0
PYE,18838.0
PYF,17760.0
PYG,22599.0
PYH,8942.0
PYI,19467.0
PYK,15149.0
PYL,30756.0
PYM,7704.0
PYN,17268.0
PYP,21674.0
PYQ,11006.0
PYR,17050.0
PYS,21920.0
PYT,20654.0
PYV,27810.0
PYW,7234.0
PYY,12736.0
Q,8850377.0
QA,729445.0
QAA,76313.0
QAC,9612.0
QAD,26116.0
QAE,41877.0
QAF,28509.0
QAG,56703.0
QAH,15089.0
QAI,44288.0
QAK,30304.0
QAL,91053.0
QAM,19839.0
QAN,28426.0
QAP,31213.0
QAQ,29923.0
QAR,36453.0
QAS,35828.0
QAT,36683.0
QAV,55697.0
QAW,13305.0
QAY,20046.0
QC,119247.0
QCA,8536.0
QCC,4792.0
QCD,5960.0
QCE,4998.0
QCF,7048.0
QCG,10280.0
QCH,2766.0
QCI,4734.0
QCK,5043.0
QCL,12392.0
QCM,1546.0
QCN,4186.0
QCP,6606.0
QCQ,5832.0
QCR,5222.0
QCS,8094.0
QCT,8178.0
QCV,8610.0
QCW,1908.0
QCY,2190.0
QD,450712.0
QDA,30193.0
QDC,5326.0
QDD,20327.0
QDE,22770.0
QDF,20857.0
QDG,29021.0
QDH,9464.0
QDI,36062.0
QDK,31392.0
QDL,52749.0
QDM,13253.0
QDN,15476.0
QDP,24722.0
QDQ,11570.0
QDR,18231.0
QDS,30469.0
QDT,18994.0
QDV,36319.0
QDW,7080.0
QDY,15163.0
QE,567464.0
QEA,47423.0
QEC,7477.0
QED,26979.0
QEE,39056.0
QEF,20648.0
QEG,34887.0
QEH,10068.0
QEI,36464.0
QEK,35058.0
QEL,63138.0
QEM,17546.0
QEN,21142.0
QEP,19330.0
QEQ,27699.0
QER,34813.0
QES,32270.0
QET,24683.0
QEV,40557.0
QEW,8580.0
QEY,17602.0
QF,339909.0
QFA,23861.0
QFC,6288.0
QFD,17034.0
QFE,27366.0
QFF,13848.0
QFG,25755.0
QFH,10436.0
QFI,19345.0
QFK,15558.0
QFL,31906.0
QFM,6190.0
QFN,17774.0
QFP,13031.0
QFQ,11444.0
QFR,14792.0
QFS,22866.0
QFT,21167.0
QFV,23727.0
QFW,3648.0
QFY,13251.0
QG,609938.0
QGA,42091.0
QGC,8764.0
QGD,30690.0
QGE,30235.0
QGF,31431.0
QGG,37206.0
QGH,13985.0
QGI,34104.0
QGK,37704.0
QGL,58048.0
QGM,16582.0
QGN,23857.0
QGP,25994.0
QGQ,30156.0
QGR,33903.0
QGS,37731.0
QGT,37402.0
QGV,46006.0
QGW,9194.0
QGY,22014.0
QH,204473.0
QHA,14318.0
QHC,2528.0
QHD,8022.0
QHE,12340.0
QHF,10574.0
QHG,13831.0
QHH,5732.0
QHI,15050.0
QHK,7910.0
QHL,27397.0
QHM,5944.0
QHN,5052.0
QHP,10926.0
QHQ,10216.0
QHR,8821.0
QHS,10282.0
QHT,9762.0
QHV,11770.0
QHW,2748.0
QHY,10670.0
QI,520606.0
QIA,42211.0
QIC,6776.0
QID,28436.0
QIE,33099.0
QIF,21390.0
QIG,37696.0
QIH,10424.0
QII,31927.0
QIK,29775.0
QIL,51711.0
QIM,13190.0
QIN,24214.0
QIP,25212.0
QIQ,22096.0
QIR,23486.0
QIS,30327.0
QIT,29303.0
QIV,34892.0
QIW,5204.0
QIY,17782.0
QK,493748.0
QKA,40158.0
QKC,5798.0
QKD,22350.0
QKE,35980.0
QKF,20449.0
QKG,28273.0
QKH,10036.0
QKI,31551.0
QKK,26425.0
QKL,54458.0
QKM,13528.0
QKN,22280.0
QKP,20584.0
QKQ,17303.0
QKR,24661.0
QKS,21343.0
QKT,25624.0
QKV,42008.0
QKW,11244.0
QKY,17731.0
QL,892492.0
QLA,76144.0
QLC,13728.0
QLD,36512.0
QLE,56627.0
QLF,36009.0
QLG,51624.0
QLH,16543.0
QLI,50054.0
QLK,57833.0
QLL,95953.0
QLM,19162.0
QLN,38813.0
QLP,41898.0
QLQ,42273.0
QLR,52825.0
QLS,53820.0
QLT,51089.0
QLV,64709.0
QLW,9252.0
QLY,24710.0
QM,221534.0
QMA,17794.0
QMC,4222.0
QMD,8968.0
QME,11446.0
QMF,8940.0
QMG,17331.0
QMH,4750.0
QMI,10883.0
QMK,11485.0
QML,27310.0
QMM,6404.0
QMN,10401.0
QMP,10112.0
QMQ,7704.0
QMR,10625.0
QMS,13707.0
QMT,10766.0
QMV,16504.0
QMW,5142.0
QMY,6532.0
QN,368756.0
QNA,27560.0
QNC,7532.0
QND,13850.0
QNE,20342.0
QNF,15617.0
QNG,31934.0
QNH,7561.0
QNI,22447.0
QNK,19601.0
QNL,38260.0
QNM,8522.0
QNN,15926.0
QNP,22737.0
QNQ,14614.0
QNR,17214.0
QNS,17153.0
QNT,19809.0
QNV,26438.0
QNW,6275.0
QNY,14364.0
QP,394481.0
QPA,25659.0
QPC,4448.0
QPD,27624.0
QPE,30348.0
QPF,18020.0
QPG,35866.0
QPH,8436.0
QPI,21176.0
QPK,18862.0
QPL,38693.0
QPM,8363.0
QPN,12623.0
QPP,19701.0
QPQ,13316.0
QPR,15575.0
QPS,23932.0
QPT,23754.0
QPV,28639.0
QPW,6030.0
QPY,12362.0
QQ,428012.0
QQA,32731.0
QQC,4054.0
QQD,13803.0
QQE,23468.0
QQF,18557.0
QQG,24973.0
QQH,11688.0
QQI,23136.0
QQK,26671.0
QQL,52825.0
QQM,16608.0
QQN,16758.0
QQP,18279.0
QQQ,27266.0
QQR,22872.0
QQS,20621.0
QQT,18899.0
QQV,26368.0
QQW,7538.0
QQY,18771.0
QR,459083.0
QRA,39131.0
QRC,6540.0
QRD,21655.0
QRE,23948.0
QRF,22709.0
QRG,26714.0
QRH,8748.0
QRI,30271.0
QRK,20426.0
QRL,60744.0
QRM,15599.0
QRN,18144.0
QRP,21444.0
QRQ,19028.0
QRR,23021.0
QRS,20616.0
QRT,24366.0
QRV,31045.0
QRW,6784.0
QRY,17014.0
QS,519254.0
QSA,32952.0
QSC,6704.0
QSD,23540.0
QSE,27333.0
QSF,24303.0
QSG,46530.0
QSH,14477.0
QSI,31087.0
QSK,24330.0
QSL,60349.0
QSM,18054.0
QSN,21977.0
QSP,29962.0
QSQ,16812.0
QSR,19882.0
QSS,37440.0
QST,23804.0
QSV,32483.0
QSW,6686.0
QSY,18583.0
QT,454774.0
QTA,34856.0
QTC,5258.0
QTD,18906.0
QTE,21981.0
QTF,18786.0
QTG,34855.0
QTH,11582.0
QTI,29294.0
QTK,20395.0
QTL,54091.0
QTM,9064.0
QTN,21446.0
QTP,24984.0
QTQ,20223.0
QTR,23504.0
QTS,25090.0
QTT,19697.0
QTV,32356.0
QTW,6348.0
QTY,20668.0
QV,594374.0
QVA,53090.0
QVC,7770.0
QVD,33460.0
QVE,39656.0
QVF,25023.0
QVG,30456.0
QVH,12360.0
QVI,35495.0
QVK,33337.0
QVL,62131.0
QVM,14260.0
QVN,19990.0
QVP,22163.0
QVQ,28320.0
QVR,26982.0
QVS,40198.0
QVT,35584.0
QVV,41769.0
QVW,7315.0
QVY,23751.0
QW,135142.0
QWA,6973.0
QWC,2324.0
QWD,7479.0
QWE,6974.0
QWF,6612.0
QWG,7142.0
QWH,2520.0
QWI,5952.0
QWK,12646.0
QWL,14660.0
QWM,2656.0
QWN,6438.0
QWP,4244.0
QWQ,6078.0
QWR,9464.0
QWS,8668.0
QWT,7580.0
QWV,10558.0
QWW,1662.0
QWY,4342.0
QY,316233.0
QYA,22736.0
QYC,3620.0
QYD,16610.0
QYE,15148.0
QYF,15207.0
QYG,23958.0
QYH,6255.0
QYI,18580.0
QYK,14354.0
QYL,35102.0
QYM,8810.0
QYN,13454.0
QYP,13598.0
QYQ,14048.0
QYR,16202.0
QYS,21478.0
QYT,15558.0
QYV,21656.0
QYW,5036.0
QYY,14157.0
R,11425772.0
RA,890067.0
RAA,98979.0
RAC,12726.0
RAD,42675.0
RAE,53967.0
RAF,37552.0
RAG,65814.0
RAH,16825.0
RAI,51709.0
RAK,40473.0
RAL,101617.0
RAM,23029.0
RAN,25362.0
RAP,32906.0
RAQ,32191.0
RAR,50926.0
RAS,49882.0
RAT,37866.0
RAV,73783.0
RAW,10206.0
RAY,28210.0
RC,158808.0
RCA,10704.0
RCC,3003.0
RCD,7512.0
RCE,9430.0
RCF,5028.0
RCG,9982.0
RCH,3942.0
RCI,7872.0
RCK,8582.0
RCL,16692.0
RCM,3216.0
RCN,5526.0
RCP,9336.0
RCQ,8218.0
RCR,10216.0
RCS,8248.0
RCT,7170.0
RCV,13035.0
RCW,6390.0
RCY,4038.0
RD,673984.0
RDA,53992.0
RDC,11390.0
RDD,30670.0
RDE,36392.0
RDF,28297.0
RDG,56137.0
RDH,15017.0
RDI,47622.0
RDK,28833.0
RDL,83480.0
RDM,13766.0
RDN,29723.0
RDP,33817.0
RDQ,22782.0
RDR,32990.0
RDS,30376.0
RDT,28599.0
RDV,48327.0
RDW,12472.0
RDY,24324.0
RE,796876.0
REA,78934.0
REC,9303.0
RED,39095.0
REE,51074.0
REF,32184.0
REG,56652.0
REH,21356.0
REI,55651.0
REK,45677.0
REL,90344.0
REM,21388.0
REN,31985.0
REP,24876.0
REQ,30846.0
RER,42062.0
RES,35094.0
RET,34628.0
REV,56417.0
REW,12892.0
REY,24116.0
RF,521279.0
RFA,38880.0
RFC,7265.0
RFD,36797.0
RFE,27484.0
RFF,20439.0
RFG,40987.0
RFH,12003.0
RFI,24781.0
RFK,23835.0
RFL,48970.0
RFM,8744.0
RFN,21356.0
RFP,29901.0
RFQ,17479.0
RFR,26335.0
RFS,45796.0
RFT,30537.0
RFV,31725.0
RFW,6698.0
RFY,20416.0
RG,790561.0
RGA,51221.0
RGC,11855.0
RGD,45341.0
RGE,52286.0
RGF,32297.0
RGG,52363.0
RGH,18374.0
RGI,49561.0
RGK,35041.0
RGL,74191.0
RGM,18622.0
RGN,24091.0
RGP,24963.0
RGQ,26951.0
RGR,41532.0
RGS,83653.0
RGT,35111.0
RGV,54839.0
RGW,13858.0
RGY,39402.0
RH,272944.0
RHA,16282.0
RHC,4508.0
RHD,10438.0
RHE,13556.0
RHF,13016.0
RHG,26084.0
RHH,10230.0
RHI,15820.0
RHK,10412.0
RHL,29058.0
RHM,8262.0
RHN,13476.0
RHP,20796.0
RHQ,9944.0
RHR,12372.0
RHS,14788.0
RHT,10480.0
RHV,20020.0
RHW,2788.0
RHY,9966.0
RI,700181.0
RIA,61227.0
RIC,8856.0
RID,33558.0
RIE,46028.0
RIF,27056.0
RIG,47642.0
RIH,17686.0
RII,44096.0
RIK,39693.0
RIL,68172.0
RIM,17487.0
RIN,25911.0
RIP,33596.0
RIQ,27639.0
RIR,34036.0
RIS,46324.0
RIT,37449.0
RIV,49629.0
RIW,8686.0
RIY,23580.0
RK,591877.0
RKA,49746.0
RKC,8066.0
RKD,30811.0
RKE,37718.0
RKF,23051.0
RKG,38186.0
RKH,15042.0
RKI,38322.0
RKK,31834.0
RKL,68168.0
RKM,16928.0
RKN,19210.0
RKP,23287.0
RKQ,21548.0
RKR,31875.0
RKS,32641.0
RKT,29621.0
RKV,40380.0
RKW,8561.0
RKY,23482.0
RL,1119349.0
RLA,97156.0
RLC,14022.0
RLD,60072.0
RLE,72301.0
RLF,43377.0
RLG,74073.0
RLH,27115.0
RLI,65062.0
RLK,58958.0
RLL,114102.0
RLM,23454.0
RLN,43283.0
RLP,51664.0
RLQ,46650.0
RLR,71395.0
RLS,68692.0
RLT,62215.0
RLV,72557.0
RLW,13226.0
RLY,35939.0
RM,253037.0
RMA,20781.0
RMC,3682.0
RMD,11164.0
RME,18236.0
RMF,9754.0
RMG,20284.0
RMH,5574.0
RMI,13662.0
RMK,13860.0
RML,26154.0
RMM,8620.0
RMN,10232.0
RMP,10041.0
RMQ,9842.0
RMR,13210.0
RMS,14369.0
RMT,10900.0
RMV,18405.0
RMW,3064.0
RMY,10603.0
RN,464111.0
RNA,36525.0
RNC,9218.0
RND,17683.0
RNE,24450.0
RNF,22397.0
RNG,33501.0
RNH,10903.0
RNI,31044.0
RNK,18922.0
RNL,60903.0
RNM,8490.0
RNN,19058.0
RNP,25672.0
RNQ,14145.0
RNR,21832.0
RNS,22671.0
RNT,24771.0
RNV,34516.0
RNW,7220.0
RNY,17940.0
RP,507078.0
RPA,36739.0
RPC,4366.0
RPD,36634.0
RPE,40518.0
RPF,22040.0
RPG,48698.0
RPH,10344.0
RPI,24780.0
RPK,19245.0
RPL,45716.0
RPM,8134.0
RPN,18725.0
RPP,23183.0
RPQ,19383.0
RPR,23559.0
RPS,31601.0
RPT,27802.0
RPV,40440.0
RPW,8128.0
RPY,13641.0
RQ,458684.0
RQA,48955.0
RQC,6272.0
RQD,17842.0
RQE,22406.0
RQF,17858.0
RQG,28936.0
RQH,11135.0
RQI,34363.0
RQK,21725.0
RQL,54603.0
RQM,11473.0
RQN,18892.0
RQP,16534.0
RQQ,22336.0
RQR,22647.0
RQS,23753.0
RQT,22868.0
RQV,29223.0
RQW,7076.0
RQY,18075.0
RR,604931.0
RRA,54034.0
RRC,9545.0
RRD,25405.0
RRE,41172.0
RRF,31564.0
RRG,40740.0
RRH,13687.0
RRI,39389.0
RRK,29039.0
RRL,65701.0
RRM,15158.0
RRN,20878.0
RRP,24504.0
RRQ,18363.0
RRR,38619.0
RRS,30900.0
RRT,25980.0
RRV,43418.0
RRW,9282.0
RRY,24497.0
RS,611125.0
RSA,49518.0
RSC,8888.0
RSD,25908.0
RSE,34216.0
RSF,24876.0
RSG,53770.0
RSH,12210.0
RSI,36460.0
RSK,28608.0
RSL,73125.0
RSM,16428.0
RSN,22406.0
RSP,26833.0
RSQ,19076.0
RSR,27770.0
RSS,36865.0
RST,30756.0
RSV,44169.0
RSW,10829.0
RSY,25827.0
RT,567136.0
RTA,41731.0
RTC,5290.0
RTD,30607.0
RTE,27074.0
RTF,27539.0
RTG,47953.0
RTH,12498.0
RTI,35841.0
RTK,24446.0
RTL,68312.0
RTM,12834.0
RTN,18766.0
RTP,34998.0
RTQ,18916.0
RTR,26473.0
RTS,28081.0
RTT,29310.0
RTV,44615.0
RTW,11000.0
RTY,19282.0
RV,819266.0
RVA,71455.0
RVC,11680.0
RVD,42576.0
RVE,53048.0
RVF,33994.0
RVG,49463.0
RVH,16381.0
RVI,51664.0
RVK,42837.0
RVL,86159.0
RVM,18708.0
RVN,31874.0
RVP,32966.0
RVQ,24265.0
RVR,41906.0
RVS,42064.0
RVT,51442.0
RVV,69473.0
RVW,11558.0
RVY,33751.0
RW,166416.0
RWA,11078.0
RWC,2914.0
RWD,8684.0
RWE,10668.0
RWF,8918.0
RWG,10166.0
RWH,3116.0
RWI,11396.0
RWK,10790.0
RWL,15984.0
RWM,4354.0
RWN,6794.0
RWP,6238.0
RWQ,6798.0
RWR,7766.0
RWS,8864.0
RWT,7116.0
RWV,10470.0
RWW,4484.0
RWY,8843.0
RY,412749.0
RYA,30127.0
RYC,5740.0
RYD,22441.0
RYE,25817.0
RYF,24484.0
RYG,27268.0
RYH,8584.0
RYI,20776.0
RYK,16044.0
RYL,49811.0
RYM,10026.0
RYN,18712.0
RYP,19082.0
RYQ,15356.0
RYR,20388.0
RYS,23337.0
RYT,23004.0
RYV,26182.0
RYW,6644.0
RYY,17834.0
S,14839188.0
SA,1089081.0
SAA,100387.0
SAC,16344.0
SAD,52819.0
SAE,64477.0
SAF,44486.0
SAG,86352.0
SAH,19989.0
SAI,56973.0
SAK,54133.0
SAL,118459.0
SAM,24468.0
SAN,40314.0
SAP,47385.0
SAQ,39243.0
SAR,48057.0
SAS,78181.0
SAT,67396.0
SAV,72157.0
SAW,16134.0
SAY,36529.0
SC,221610.0
SCA,19726.0
SCC,7875.0
SCD,14090.0
SCE,10130.0
SCF,11282.0
SCG,15888.0
SCH,7070.0
SCI,8932.0
SCK,13909.0
SCL,16310.0
SCM,4394.0
SCN,6272.0
SCP,11091.0
SCQ,11040.0
SCR,10973.0
SCS,15510.0
SCT,11662.0
SCV,13538.0
SCW,3346.0
SCY,7654.0
SD,772856.0
SDA,54471.0
SDC,9949.0
SDD,42445.0
SDE,51363.0
SDF,36726.0
SDG,58122.0
SDH,16616.0
SDI,53980.0
SDK,44169.0
SDL,82241.0
SDM,17168.0
SDN,29413.0
SDP,40911.0
SDQ,18194.0
SDR,33607.0
SDS,43938.0
SDT,38080.0
SDV,55690.0
SDW,12332.0
SDY,31713.0
SE,823414.0
SEA,64114.0
SEC,12035.0
SED,53775.0
SEE,73529.0
SEF,33708.0
SEG,47279.0
SEH,18737.0
SEI,45746.0
SEK,49344.0
SEL,75577.0
SEM,17204.0
SEN,36167.0
SEP,28702.0
SEQ,34492.0
SER,41363.0
SES,45718.0
SET,45907.0
SEV,57596.0
SEW,9286.0
SEY,29709.0
SF,639916.0
SFA,40010.0
SFC,10984.0
SFD,36395.0
SFE,42943.0
SFF,24215.0
SFG,49402.0
SFH,11549.0
SFI,37024.0
SFK,28173.0
SFL,54416.0
SFM,14845.0
SFN,33783.0
SFP,29580.0
SFQ,22329.0
SFR,24422.0
SFS,52617.0
SFT,45451.0
SFV,41174.0
SFW,7854.0
SFY,28742.0
SG,1299436.0
SGA,95494.0
SGC,14986.0
SGD,58638.0
SGE,64239.0
SGF,54459.0
SGG,117723.0
SGH,25864.0
SGI,65063.0
SGK,72856.0
SGL,126635.0
SGM,27965.0
SGN,55267.0
SGP,43642.0
SGQ,41458.0
SGR,59216.0
SGS,116245.0
SGT,85762.0
SGV,100451.0
SGW,21711.0
SGY,47622.0
SH,416130.0
SHA,19350.0
SHC,6591.0
SHD,13224.0
SHE,16800.0
SHF,15545.0
SHG,22362.0
SHH,61396.0
SHI,18644.0
SHK,10454.0
SHL,30852.0
SHM,51902.0
SHN,13131.0
SHP,29988.0
SHQ,9081.0
SHR,17344.0
SHS,23084.0
SHT,20838.0
SHV,18964.0
SHW,4327.0
SHY,10990.0
SI,780717.0
SIA,57565.0
SIC,13366.0
SID,44628.0
SIE,48480.0
SIF,30842.0
SIG,51183.0
SIH,18045.0
SII,46095.0
SIK,41933.0
SIL,66808.0
SIM,18903.0
SIN,38683.0
SIP,41016.0
SIQ,25906.0
SIR,35271.0
SIS,56451.0
SIT,52670.0
SIV,54239.0
SIW,8786.0
SIY,28041.0
SK,760056.0
SKA,56770.0
SKC,9259.0
SKD,56574.0
SKE,49164.0
SKF,28949.0
SKG,54059.0
SKH,16853.0
SKI,48474.0
SKK,46843.0
SKL,71871.0
SKM,15831.0
SKN,32741.0
SKP,33046.0
SKQ,25579.0
SKR,32711.0
SKS,50510.0
SKT,39876.0
SKV,50214.0
SKW,7698.0
SKY,29270.0
SL,1359516.0
SLA,98411.0
SLC,14924.0
SLD,78701.0
SLE,86470.0
SLF,47464.0
SLG,101715.0
SLH,30026.0
SLI,73813.0
SLK,77336.0
SLL,119785.0
SLM,27046.0
SLN,59247.0
SLP,68864.0
SLQ,55057.0
SLR,78256.0
SLS,107067.0
SLT,83636.0
SLV,80350.0
SLW,20643.0
SLY,46375.0
SM,338716.0
SMA,28602.0
SMC,3316.0
SMD,20670.0
SME,23972.0
SMF,10496.0
SMG,24293.0
SMH,5549.0
SMI,20407.0
SMK,21738.0
SML,26295.0
SMM,8062.0
SMN,12553.0
SMP,15420.0
SMQ,11418.0
SMR,17755.0
SMS,27926.0
SMT,25616.0
SMV,22018.0
SMW,2900.0
SMY,8576.0
SN,631014.0
SNA,50545.0
SNC,12434.0
SND,27584.0
SNE,29906.0
SNF,34998.0
SNG,46829.0
SNH,11994.0
SNI,42936.0
SNK,32381.0
SNL,58728.0
SNM,18175.0
SNN,29751.0
SNP,34409.0
SNQ,20454.0
SNR,22891.0
SNS,39341.0
SNT,38328.0
SNV,41586.0
SNW,10856.0
SNY,25118.0
SP,678786.0
SPA,52963.0
SPC,7532.0
SPD,49810.0
SPE,61665.0
SPF,30470.0
SPG,47531.0
SPH,12148.0
SPI,32306.0
SPK,28850.0
SPL,57508.0
SPM,12097.0
SPN,30022.0
SPP,26827.0
SPQ,24053.0
SPR,29529.0
SPS,51539.0
SPT,37394.0
SPV,47536.0
SPW,9598.0
SPY,27300.0
SQ,539705.0
SQA,37989.0
SQC,9010.0
SQD,28724.0
SQE,36627.0
SQF,21005.0
SQG,39293.0
SQH,11372.0
SQI,31778.0
SQK,24382.0
SQL,51615.0
SQM,13165.0
SQN,21593.0
SQP,30600.0
SQQ,23566.0
SQR,26931.0
SQS,38107.0
SQT,29778.0
SQV,34488.0
SQW,7652.0
SQY,20516.0
SR,687628.0
SRA,51517.0
SRC,8422.0
SRD,43055.0
SRE,42396.0
SRF,35216.0
SRG,44923.0
SRH,16837.0
SRI,39119.0
SRK,33448.0
SRL,74468.0
SRM,14315.0
SRN,25046.0
SRP,32913.0
SRQ,23296.0
SRR,31127.0
SRS,42385.0
SRT,34500.0
SRV,47501.0
SRW,14422.0
SRY,29918.0
SS,1164226.0
SSA,76565.0
SSC,13476.0
SSD,56238.0
SSE,55531.0
SSF,43106.0
SSG,139166.0
SSH,52601.0
SSI,57648.0
SSK,51647.0
SSL,98733.0
SSM,20021.0
SSN,48281.0
SSP,48027.0
SSQ,34738.0
SSR,45074.0
SSS,104144.0
SST,74740.0
SSV,82404.0
SSW,14768.0
SSY,41074.0
ST,845076.0
STA,64009.0
STC,8761.0
STD,40699.0
STE,49963.0
STF,40501.0
STG,71938.0
STH,15620.0
STI,43866.0
STK,40645.0
STL,88238.0
STM,20502.0
STN,38053.0
STP,42521.0
STQ,31290.0
STR,32409.0
STS,62886.0
STT,47420.0
STV,55578.0
STW,11465.0
STY,36290.0
SV,1005535.0
SVA,78975.0
SVC,14088.0
SVD,59439.0
SVE,61363.0
SVF,47941.0
SVG,67204.0
SVH,19436.0
SVI,51496.0
SVK,53840.0
SVL,90218.0
SVM,21052.0
SVN,40210.0
SVP,49113.0
SVQ,33140.0
SVR,46592.0
SVS,75933.0
SVT,70791.0
SVV,78671.0
SVW,12686.0
SVY,31326.0
SW,224963.0
SWA,13019.0
SWC,1882.0
SWD,11038.0
SWE,11866.0
SWF,8674.0
SWG,16090.0
SWH,4763.0
SWI,9930.0
SWK,11491.0
SWL,17760.0
SWM,5083.0
SWN,13785.0
SWP,10132.0
SWQ,7638.0
SWR,11814.0
SWS,21084.0
SWT,19692.0
SWV,15365.0
SWW,4119.0
SWY,9390.0
SY,504612.0
SYA,31375.0
SYC,6248.0
SYD,29679.0
SYE,29171.0
SYF,23718.0
SYG,39491.0
SYH,10608.0
SYI,26806.0
SYK,23620.0
SYL,51233.0
SYM,9156.0
SYN,23768.0
SYP,24171.0
SYQ,16190.0
SYR,25167.0
SYS,38788.0
SYT,32599.0
SYV,33930.0
SYW,7822.0
SYY,20430.0
T,13021073.0
TA,1015623.0
TAA,110010.0
TAC,13070.0
TAD,61072.0
TAE,63664.0
TAF,40198.0
TAG,71159.0
TAH,20116.0
TAI,54244.0
TAK,47245.0
TAL,90484.0
TAM,26832.0
TAN,37564.0
TAP,43869.0
TAQ,32206.0
TAR,47377.0
TAS,69379.0
TAT,58184.0
TAV,80231.0
TAW,13442.0
TAY,31331.0
TC,186227.0
TCA,13927.0
TCC,2552.0
TCD,8655.0
TCE,9922.0
TCF,5081.0
TCG,15322.0
TCH,7754.0
TCI,7850.0
TCK,8924.0
TCL,16504.0
TCM,3494.0
TCN,9030.0
TCP,11200.0
TCQ,6825.0
TCR,12062.0
TCS,12172.0
TCT,11016.0
TCV,14613.0
TCW,2184.0
TCY,6406.0
TD,692290.0
TDA,55584.0
TDC,7992.0
TDD,37108.0
TDE,52504.0
TDF,36113.0
TDG,49491.0
TDH,13370.0
TDI,37016.0
TDK,35603.0
TDL,57579.0
TDM,16233.0
TDN,29314.0
TDP,38336.0
TDQ,21704.0
TDR,29894.0
TDS,41813.0
TDT,43306.0
TDV,45047.0
TDW,10866.0
TDY,31899.0
TE,769491.0
TEA,61661.0
TEC,12172.0
TED,43172.0
TEE,67134.0
TEF,32376.0
TEG,47702.0
TEH,16729.0
TEI,47162.0
TEK,47180.0
TEL,70773.0
TEM,17320.0
TEN,46438.0
TEP,24479.0
TEQ,30660.0
TER,34980.0
TES,42583.0
TET,40160.0
TEV,47279.0
TEW,9246.0
TEY,26879.0
TF,554633.0
TFA,38091.0
TFC,7074.0
TFD,34864.0
TFE,36953.0
TFF,23554.0
TFG,43773.0
TFH,12681.0
TFI,24498.0
TFK,34487.0
TFL,46106.0
TFM,9147.0
TFN,25868.0
TFP,30645.0
TFQ,21723.0
TFR,27331.0
TFS,37927.0
TFT,36447.0
TFV,33164.0
TFW,7260.0
TFY,19861.0
TG,1035815.0
TGA,85309.0
TGC,15071.0
TGD,52746.0
TGE,71704.0
TGF,38072.0
TGG,73968.0
TGH,22953.0
TGI,61264.0
TGK,75545.0
TGL,73937.0
TGM,22228.0
TGN,44060.0
TGP,31698.0
TGQ,36893.0
TGR,52047.0
TGS,81192.0
TGT,76407.0
TGV,66615.0
TGW,15796.0
TGY,35976.0
TH,302848.0
THA,19133.0
THC,3656.0
THD,15046.0
THE,19694.0
THF,15030.0
THG,20116.0
THH,13155.0
THI,14899.0
THK,13369.0
THL,27130.0
THM,6752.0
THN,10920.0
THP,17944.0
THQ,13826.0
THR,14221.0
THS,17426.0
THT,19417.0
THV,21586.0
THW,6662.0
THY,11930.0
TI,741142.0
TIA,57775.0
TIC,9362.0
TID,39068.0
TIE,51507.0
TIF,27211.0
TIG,53810.0
TIH,16860.0
TII,33864.0
TIK,50372.0
TIL,58589.0
TIM,14298.0
TIN,36604.0
TIP,35290.0
TIQ,25461.0
TIR,34577.0
TIS,62018.0
TIT,59390.0
TIV,44256.0
TIW,7983.0
TIY,21145.0
TK,633835.0
TKA,46118.0
TKC,9432.0
TKD,41048.0
TKE,53095.0
TKF,21102.0
TKG,39983.0
TKH,15225.0
TKI,34161.0
TKK,36185.0
TKL,56719.0
TKM,14062.0
TKN,27632.0
TKP,26038.0
TKQ,25856.0
TKR,28286.0
TKS,40433.0
TKT,33524.0
TKV,51855.0
TKW,7168.0
TKY,22981.0
TL,1285975.0
TLA,92417.0
TLC,16099.0
TLD,71301.0
TLE,89704.0
TLF,46712.0
TLG,81097.0
TLH,32030.0
TLI,60004.0
TLK,77419.0
TLL,107354.0
TLM,22478.0
TLN,64284.0
TLP,62132.0
TLQ,55390.0
TLR,71188.0
TLS,89757.0
TLT,99831.0
TLV,87090.0
TLW,20636.0
TLY,35064.0
TM,262260.0
TMA,18510.0
TMC,3268.0
TMD,16394.0
TME,20136.0
TMF,8528.0
TMG,15222.0
TMH,4226.0
TMI,11912.0
TMK,19218.0
TML,24740.0
TMM,6196.0
TMN,10999.0
TMP,11191.0
TMQ,9577.0
TMR,15705.0
TMS,19380.0
TMT,15807.0
TMV,15762.0
TMW,3508.0
TMY,11087.0
TN,533688.0
TNA,36914.0
TNC,9916.0
TND,25005.0
TNE,29206.0
TNF,22775.0
TNG,39718.0
TNH,10654.0
TNI,28280.0
TNK,25726.0
TNL,57437.0
TNM,8080.0
TNN,25946.0
TNP,33426.0
TNQ,20258.0
TNR,21948.0
TNS,36745.0
TNT,30061.0
TNV,41282.0
TNW,9027.0
TNY,19826.0
TP,719953.0
TPA,55328.0
TPC,11491.0
TPD,46150.0
TPE,67011.0
TPF,27448.0
TPG,50112.0
TPH,16198.0
TPI,39368.0
TPK,33463.0
TPL,64396.0
TPM,13598.0
TPN,24225.0
TPP,44615.0
TPQ,28558.0
TPR,26014.0
TPS,40062.0
TPT,42365.0
TPV,55907.0
TPW,9732.0
TPY,22082.0
TQ,485986.0
TQA,38183.0
TQC,5829.0
TQD,27419.0
TQE,32976.0
TQF,20484.0
TQG,29424.0
TQH,8462.0
TQI,30578.0
TQK,26172.0
TQL,44174.0
TQM,9646.0
TQN,18532.0
TQP,20781.0
TQQ,26257.0
TQR,24890.0
TQS,34292.0
TQT,32933.0
TQV,30863.0
TQW,7478.0
TQY,15061.0
TR,550619.0
TRA,45863.0
TRC,7204.0
TRD,32232.0
TRE,41055.0
TRF,25756.0
TRG,32493.0
TRH,13368.0
TRI,32036.0
TRK,29552.0
TRL,52531.0
TRM,11703.0
TRN,24652.0
TRP,30746.0
TRQ,18278.0
TRR,28761.0
TRS,27656.0
TRT,30582.0
TRV,37259.0
TRW,6918.0
TRY,19772.0
TS,798205.0
TSA,63450.0
TSC,12442.0
TSD,40840.0
TSE,43544.0
TSF,31055.0
TSG,74487.0
TSH,16219.0
TSI,42175.0
TSK,38277.0
TSL,67275.0
TSM,15784.0
TSN,38697.0
TSP,41728.0
TSQ,29817.0
TSR,35894.0
TSS,57628.0
TST,52275.0
TSV,53394.0
TSW,12227.0
TSY,27631.0
TT,755793.0
TTA,71282.0
TTC,11156.0
TTD,38293.0
TTE,46147.0
TTF,28515.0
TTG,56693.0
TTH,16338.0
TTI,41877.0
TTK,32144.0
TTL,72613.0
TTM,12736.0
TTN,31221.0
TTP,50274.0
TTQ,23583.0
TTR,29660.0
TTS,49131.0
TTT,55349.0
TTV,51573.0
TTW,9983.0
TTY,25545.0
TV,1004605.0
TVA,74730.0
TVC,12566.0
TVD,56928.0
TVE,63038.0
TVF,39074.0
TVG,59345.0
TVH,17786.0
TVI,53429.0
TVK,55897.0
TVL,91756.0
TVM,22870.0
TVN,44576.0
TVP,51095.0
TVQ,37180.0
TVR,50866.0
TVS,79731.0
TVT,74802.0
TVV,67639.0
TVW,14657.0
TVY,33880.0
TW,197773.0
TWA,12288.0
TWC,1904.0
TWD,14169.0
TWE,17838.0
TWF,7896.0
TWG,9488.0
TWH,4396.0
TWI,11283.0
TWK,10156.0
TWL,14802.0
TWM,3138.0
TWN,12344.0
TWP,9486.0
TWQ,9116.0
TWR,10135.0
TWS,14212.0
TWT,13252.0
TWV,10504.0
TWW,3188.0
TWY,7994.0
TY,458178.0
TYA,29003.0
TYC,8220.0
TYD,28798.0
TYE,24830.0
TYF,17184.0
TYG,33897.0
TYH,10788.0
TYI,22901.0
TYK,23266.0
TYL,36771.0
TYM,9238.0
TYN,22556.0
TYP,20861.0
TYQ,20626.0
TYR,28266.0
TYS,34788.0
TYT,32130.0
TYV,27975.0
TYW,3804.0
TYY,21494.0
V,16157876.0
VA,1295988.0
VAA,134163.0
VAC,17585.0
VAD,75685.0
VAE,90084.0
VAF,42400.0
VAG,91696.0
VAH,31150.0
VAI,66729.0
VAK,69044.0
VAL,112266.0
VAM,29151.0
VAN,46881.0
VAP,56842.0
VAQ,50854.0
VAR,69224.0
VAS,81848.0
VAT,67174.0
VAV,103455.0
VAW,20210.0
VAY,36877.0
VC,243400.0
VCA,18932.0
VCC,2216.0
VCD,14314.0
VCE,16996.0
VCF,10060.0
VCG,23398.0
VCH,7222.0
VCI,9450.0
VCK,12148.0
VCL,23309.0
VCM,6916.0
VCN,11558.0
VCP,12584.0
VCQ,7104.0
VCR,11333.0
VCS,16118.0
VCT,12870.0
VCV,16394.0
VCW,3470.0
VCY,6642.0
VD,1007094.0
VDA,82860.0
VDC,15708.0
VDD,52107.0
VDE,64576.0
VDF,44201.0
VDG,76763.0
VDH,22232.0
VDI,62386.0
VDK,58911.0
VDL,114452.0
VDM,19561.0
VDN,42040.0
VDP,47379.0
VDQ,31760.0
VDR,42192.0
VDS,55846.0
VDT,55597.0
VDV,70498.0
VDW,14596.0
VDY,31790.0
VE,1056052.0
VEA,92190.0
VEC,11144.0
VED,60162.0
VEE,83536.0
VEF,38724.0
VEG,81638.0
VEH,27799.0
VEI,60026.0
VEK,76108.0
VEL,87363.0
VEM,26055.0
VEN,45936.0
VEP,44205.0
VEQ,41551.0
VER,54590.0
VES,55407.0
VET,54586.0
VEV,68643.0
VEW,15944.0
VEY,27451.0
VF,647686.0
VFA,48301.0
VFC,9260.0
VFD,48179.0
VFE,42929.0
VFF,22850.0
VFG,50728.0
VFH,19837.0
VFI,29298.0
VFK,31136.0
VFL,52530.0
VFM,9323.0
VFN,33454.0
VFP,36089.0
VFQ,25626.0
VFR,32018.0
VFS,41248.0
VFT,44206.0
VFV,41786.0
VFW,8078.0
VFY,19762.0
VG,1051202.0
VGA,85141.0
VGC,15027.0
VGD,69614.0
VGE,67265.0
VGF,41687.0
VGG,97799.0
VGH,20872.0
VGI,53355.0
VGK,60967.0
VGL,77020.0
VGM,26914.0
VGN,44801.0
VGP,43779.0
VGQ,33243.0
VGR,53322.0
VGS,70966.0
VGT,57382.0
VGV,72942.0
VGW,14566.0
VGY,42412.0
VH,359946.0
VHA,29152.0
VHC,6915.0
VHD,19540.0
VHE,21199.0
VHF,14824.0
VHG,27363.0
VHH,12766.0
VHI,17634.0
VHK,14920.0
VHL,29390.0
VHM,8710.0
VHN,12962.0
VHP,21135.0
VHQ,14742.0
VHR,20583.0
VHS,20857.0
VHT,23295.0
VHV,22899.0
VHW,8270.0
VHY,11374.0
VI,890833.0
VIA,69860.0
VIC,16032.0
VID,65436.0
VIE,60593.0
VIF,27148.0
VIG,77442.0
VIH,20902.0
VII,41208.0
VIK,48086.0
VIL,63578.0
VIM,18618.0
VIN,46956.0
VIP,51461.0
VIQ,31473.0
VIR,40419.0
VIS,60741.0
VIT,56504.0
VIV,56250.0
VIW,10342.0
VIY,25612.0
VK,925991.0
VKA,82291.0
VKC,12469.0
VKD,59375.0
VKE,69413.0
VKF,33855.0
VKG,64818.0
VKH,17163.0
VKI,49240.0
VKK,59764.0
VKL,74236.0
VKM,19121.0
VKN,47230.0
VKP,44350.0
VKQ,40238.0
VKR,40276.0
VKS,48118.0
VKT,50791.0
VKV,65144.0
VKW,16597.0
VKY,27372.0
VL,1455642.0
VLA,122975.0
VLC,20130.0
VLD,104538.0
VLE,107454.0
VLF,50334.0
VLG,101562.0
VLH,38248.0
VLI,60487.0
VLK,88250.0
VLL,119334.0
VLM,27050.0
VLN,61133.0
VLP,76609.0
VLQ,58991.0
VLR,71680.0
VLS,97650.0
VLT,84234.0
VLV,103606.0
VLW,15096.0
VLY,42523.0
VM,342643.0
VMA,28962.0
VMC,4052.0
VMD,20508.0
VME,27086.0
VMF,10826.0
VMG,27723.0
VMH,6496.0
VMI,17328.0
VMK,20932.0
VML,29376.0
VMM,9066.0
VMN,15820.0
VMP,15906.0
VMQ,12436.0
VMR,17640.0
VMS,20104.0
VMT,22612.0
VMV,23624.0
VMW,4072.0
VMY,6992.0
VN,702841.0
VNA,58071.0
VNC,12840.0
VND,36589.0
VNE,39189.0
VNF,29068.0
VNG,63511.0
VNH,21511.0
VNI,38074.0
VNK,34317.0
VNL,58293.0
VNM,15095.0
VNN,35896.0
VNP,34152.0
VNQ,29227.0
VNR,31977.0
VNS,39400.0
VNT,39445.0
VNV,48732.0
VNW,10564.0
VNY,24624.0
VP,794981.0
VPA,62361.0
VPC,9864.0
VPD,42166.0
VPE,53327.0
VPF,34944.0
VPG,61970.0
VPH,15694.0
VPI,38514.0
VPK,30565.0
VPL,63625.0
VPM,19182.0
VPN,23157.0
VPP,40908.0
VPQ,25958.0
VPR,65138.0
VPS,55479.0
VPT,36952.0
VPV,67728.0
VPW,11486.0
VPY,29653.0
VQ,576893.0
VQA,53300.0
VQC,8983.0
VQD,30861.0
VQE,37440.0
VQF,21012.0
VQG,34294.0
VQH,16738.0
VQI,31944.0
VQK,29895.0
VQL,62846.0
VQM,12792.0
VQN,25697.0
VQP,27441.0
VQQ,26311.0
VQR,33477.0
VQS,31211.0
VQT,23847.0
VQV,38240.0
VQW,10990.0
VQY,17408.0
VR,791809.0
VRA,64642.0
VRC,9064.0
VRD,53595.0
VRE,61557.0
VRF,33264.0
VRG,55464.0
VRH,16092.0
VRI,41638.0
VRK,45239.0
VRL,64473.0
VRM,15988.0
VRN,30973.0
VRP,29058.0
VRQ,45094.0
VRR,45674.0
VRS,44636.0
VRT,43974.0
VRV,56032.0
VRW,10322.0
VRY,22642.0
VS,1026530.0
VSA,85068.0
VSC,15766.0
VSD,55371.0
VSE,60604.0
VSF,42431.0
VSG,85911.0
VSH,20804.0
VSI,48967.0
VSK,50126.0
VSL,89235.0
VSM,19596.0
VSN,41821.0
VSP,45259.0
VSQ,38480.0
VSR,53974.0
VSS,84314.0
VST,57430.0
VSV,73186.0
VSW,21466.0
VSY,33081.0
VT,1027593.0
VTA,84600.0
VTC,19083.0
VTD,51341.0
VTE,64202.0
VTF,36365.0
VTG,76548.0
VTH,29670.0
VTI,58037.0
VTK,42407.0
VTL,96874.0
VTM,18800.0
VTN,46046.0
VTP,46290.0
VTQ,43838.0
VTR,46184.0
VTS,56388.0
VTT,55790.0
VTV,106410.0
VTW,17742.0
VTY,27783.0
VV,1195410.0
VVA,96191.0
VVC,25412.0
VVD,80350.0
VVE,77324.0
VVF,47017.0
VVG,89589.0
VVH,24941.0
VVI,66835.0
VVK,64939.0
VVL,97480.0
VVM,24106.0
VVN,56698.0
VVP,62886.0
VVQ,34723.0
VVR,54545.0
VVS,76858.0
VVT,72957.0
VVV,95416.0
VVW,12751.0
VVY,31344.0
VW,204337.0
VWA,16714.0
VWC,3110.0
VWD,13601.0
VWE,11861.0
VWF,6384.0
VWG,16031.0
VWH,5690.0
VWI,12480.0
VWK,11327.0
VWL,16804.0
VWM,3798.0
VWN,12222.0
VWP,7273.0
VWQ,8894.0
VWR,10051.0
VWS,17934.0
VWT,9940.0
VWV,11333.0
VWW,3528.0
VWY,4516.0
VY,523183.0
VYA,42978.0
VYC,10102.0
VYD,33912.0
VYE,30946.0
VYF,20885.0
VYG,38007.0
VYH,11895.0
VYI,25486.0
VYK,26261.0
VYL,43277.0
VYM,9462.0
VYN,22410.0
VYP,24199.0
VYQ,19723.0
VYR,24912.0
VYS,39260.0
VYT,32481.0
VYV,28566.0
VYW,5928.0
VYY,31445.0
W,3199668.0
WA,222714.0
WAA,18648.0
WAC,2789.0
WAD,14806.0
WAE,13172.0
WAF,9842.0
WAG,13009.0
WAH,6969.0
WAI,10862.0
WAK,18009.0
WAL,22260.0
WAM,5142.0
WAN,7222.0
WAP,7380.0
WAQ,9701.0
WAR,14400.0
WAS,12932.0
WAT,12546.0
WAV,12218.0
WAW,4841.0
WAY,5446.0
WC,42318.0
WCA,3414.0
WCC,444.0
WCD,2540.0
WCE,2440.0
WCF,1774.0
WCG,3974.0
WCH,580.0
WCI,1546.0
WCK,1808.0
WCL,2634.0
WCM,570.0
WCN,4478.0
WCP,3560.0
WCQ,1662.0
WCR,1960.0
WCS,2254.0
WCT,1628.0
WCV,2784.0
WCW,670.0
WCY,1474.0
WD,192808.0
WDA,15275.0
WDC,2174.0
WDD,10694.0
WDE,14489.0
WDF,6720.0
WDG,14208.0
WDH,3079.0
WDI,10088.0
WDK,11381.0
WDL,12978.0
WDM,3834.0
WDN,7820.0
WDP,9498.0
WDQ,7251.0
WDR,14896.0
WDS,11716.0
WDT,10889.0
WDV,12134.0
WDW,4208.0
WDY,8882.0
WE,211604.0
WEA,16678.0
WEC,1348.0
WED,11516.0
WEE,14190.0
WEF,6280.0
WEG,15888.0
WEH,3746.0
WEI,10070.0
WEK,13767.0
WEL,16312.0
WEM,6358.0
WEN,9114.0
WEP,10022.0
WEQ,8186.0
WER,13734.0
WES,14907.0
WET,12912.0
WEV,15160.0
WEW,4038.0
WEY,5632.0
WF,124015.0
WFA,8902.0
WFC,2052.0
WFD,7934.0
WFE,7104.0
WFF,5656.0
WFG,8487.0
WFH,5877.0
WFI,5630.0
WFK,8936.0
WFL,10815.0
WFM,1758.0
WFN,4946.0
WFP,6729.0
WFQ,4534.0
WFR,8057.0
WFS,7886.0
WFT,4774.0
WFV,9270.0
WFW,1660.0
WFY,2808.0
WG,220477.0
WGA,13572.0
WGC,3337.0
WGD,10976.0
WGE,13182.0
WGF,6932.0
WGG,16972.0
WGH,4280.0
WGI,10919.0
WGK,14490.0
WGL,17052.0
WGM,4088.0
WGN,12296.0
WGP,9040.0
WGQ,16132.0
WGR,12204.0
WGS,15754.0
WGT,11127.0
WGV,13094.0
WGW,3752.0
WGY,10270.0
WH,78607.0
WHA,4295.0
WHC,1362.0
WHD,4046.0
WHE,3546.0
WHF,3662.0
WHG,5094.0
WHH,4426.0
WHI,3700.0
WHK,5638.0
WHL,6656.0
WHM,1740.0
WHN,3068.0
WHP,4308.0
WHQ,2500.0
WHR,4648.0
WHS,4576.0
WHT,6130.0
WHV,4980.0
WHW,1204.0
WHY,2630.0
WI,169744.0
WIA,9308.0
WIC,2252.0
WID,9320.0
WIE,12960.0
WIF,5466.0
WIG,15785.0
WIH,4865.0
WII,6278.0
WIK,9846.0
WIL,10040.0
WIM,2208.0
WIN,11842.0
WIP,10376.0
WIQ,6512.0
WIR,11912.0
WIS,11009.0
WIT,9296.0
WIV,11994.0
WIW,2467.0
WIY,5668.0
WK,194767.0
WKA,16424.0
WKC,2112.0
WKD,15294.0
WKE,15302.0
WKF,5838.0
WKG,12391.0
WKH,4462.0
WKI,9598.0
WKK,14086.0
WKL,14500.0
WKM,3345.0
WKN,9714.0
WKP,11871.0
WKQ,7190.0
WKR,9582.0
WKS,12486.0
WKT,10240.0
WKV,12142.0
WKW,2330.0
WKY,3740.0
WL,273432.0
WLA,19106.0
WLC,3046.0
WLD,18998.0
WLE,20338.0
WLF,7582.0
WLG,20486.0
WLH,8030.0
WLI,11048.0
WLK,18360.0
WLL,21132.0
WLM,5072.0
WLN,13900.0
WLP,13038.0
WLQ,12368.0
WLR,19041.0
WLS,14781.0
WLT,16649.0
WLV,18276.0
WLW,3338.0
WLY,8288.0
WM,76450.0
WMA,7800.0
WMC,1260.0
WMD,4836.0
WME,6916.0
WMF,2753.0
WMG,8482.0
WMH,2890.0
WMI,3834.0
WMK,4388.0
WML,4266.0
WMM,1158.0
WMN,3606.0
WMP,2230.0
WMQ,1988.0
WMR,3610.0
WMS,4173.0
WMT,5754.0
WMV,3698.0
WMW,880.0
WMY,1782.0
WN,171748.0
WNA,8536.0
WNC,2012.0
WND,11595.0
WNE,10166.0
WNF,6958.0
WNG,13853.0
WNH,2786.0
WNI,9730.0
WNK,8018.0
WNL,10196.0
WNM,4682.0
WNN,8074.0
WNP,9804.0
WNQ,3818.0
WNR,10601.0
WNS,22930.0
WNT,10118.0
WNV,9427.0
WNW,2568.0
WNY,5606.0
WP,120032.0
WPA,7888.0
WPC,1178.0
WPD,9114.0
WPE,10628.0
WPF,5996.0
WPG,9370.0
WPH,2426.0
WPI,4967.0
WPK,3764.0
WPL,13095.0
WPM,1214.0
WPN,4740.0
WPP,4508.0
WPQ,5022.0
WPR,5188.0
WPS,8876.0
WPT,8016.0
WPV,8910.0
WPW,2108.0
WPY,2704.0
WQ,132771.0
WQA,14198.0
WQC,1254.0
WQD,6714.0
WQE,8687.0
WQF,4056.0
WQG,9602.0
WQH,3984.0
WQI,5310.0
WQK,6024.0
WQL,9577.0
WQM,2832.0
WQN,6082.0
WQP,5934.0
WQQ,7872.0
WQR,11795.0
WQS,7358.0
WQT,6890.0
WQV,8038.0
WQW,2274.0
WQY,3862.0
WR,167646.0
WRA,12925.0
WRC,2430.0
WRD,10404.0
WRE,10954.0
WRF,7242.0
WRG,12060.0
WRH,6108.0
WRI,5677.0
WRK,9970.0
WRL,12547.0
WRM,3308.0
WRN,12926.0
WRP,8802.0
WRQ,6916.0
WRR,8392.0
WRS,10583.0
WRT,7556.0
WRV,11184.0
WRW,2508.0
WRY,4514.0
WS,218489.0
WSA,14411.0
WSC,2470.0
WSD,12276.0
WSE,12797.0
WSF,14988.0
WSG,17902.0
WSH,12884.0
WSI,10030.0
WSK,10414.0
WSL,18298.0
WSM,3562.0
WSN,11664.0
WSP,11464.0
WSQ,7574.0
WSR,9072.0
WSS,12450.0
WST,9822.0
WSV,12732.0
WSW,3591.0
WSY,9736.0
WT,192480.0
WTA,17434.0
WTC,1874.0
WTD,14285.0
WTE,8522.0
WTF,8814.0
WTG,14923.0
WTH,5936.0
WTI,7756.0
WTK,8940.0
WTL,13666.0
WTM,2844.0
WTN,6944.0
WTP,12506.0
WTQ,8168.0
WTR,8328.0
WTS,12480.0
WTT,9008.0
WTV,14074.0
WTW,2462.0
WTY,13042.0
WV,200438.0
WVA,16501.0
WVC,4575.0
WVD,13030.0
WVE,11954.0
WVF,7225.0
WVG,12038.0
WVH,4676.0
WVI,7892.0
WVK,12670.0
WVL,15707.0
WVM,4552.0
WVN,10010.0
WVP,12600.0
WVQ,7806.0
WVR,15229.0
WVS,12210.0
WVT,11554.0
WVV,10619.0
WVW,3162.0
WVY,6030.0
WW,51157.0
WWA,4164.0
WWC,2732.0
WWD,2524.0
WWE,3158.0
WWF,2386.0
WWG,3026.0
WWH,1018.0
WWI,2000.0
WWK,2266.0
WWL,2876.0
WWM,1014.0
WWN,3596.0
WWP,2453.0
WWQ,1446.0
WWR,2362.0
WWS,2774.0
WWT,3876.0
WWV,3584.0
WWW,722.0
WWY,3030.0
WY,130099.0
WYA,7996.0
WYC,1188.0
WYD,6982.0
WYE,5771.0
WYF,4894.0
WYG,9758.0
WYH,2828.0
WYI,3944.0
WYK,5732.0
WYL,7164.0
WYM,5292.0
WYN,7708.0
WYP,3796.0
WYQ,14828.0
WYR,10166.0
WYS,6734.0
WYT,8970.0
WYV,8472.0
WYW,2178.0
WYY,5216.0
Y,8001659.0
YA,551324.0
YAA,48456.0
YAC,12918.0
YAD,41358.0
YAE,33473.0
YAF,18383.0
YAG,37483.0
YAH,9709.0
YAI,27461.0
YAK,30189.0
YAL,47639.0
YAM,14976.0
YAN,25729.0
YAP,26038.0
YAQ,21585.0
YAR,28837.0
YAS,35044.0
YAT,27258.0
YAV,32031.0
YAW,9921.0
YAY,21502.0
YC,136776.0
YCA,13665.0
YCC,2450.0
YCD,9520.0
YCE,5412.0
YCF,5547.0
YCG,9078.0
YCH,4288.0
YCI,7875.0
YCK,5530.0
YCL,11056.0
YCM,1974.0
YCN,7690.0
YCP,6650.0
YCQ,9346.0
YCR,6305.0
YCS,9178.0
YCT,6664.0
YCV,8884.0
YCW,1086.0
YCY,2894.0
YD,478400.0
YDA,35096.0
YDC,6046.0
YDD,24850.0
YDE,28434.0
YDF,17874.0
YDG,31968.0
YDH,10376.0
YDI,35463.0
YDK,26048.0
YDL,41242.0
YDM,10550.0
YDN,18921.0
YDP,33914.0
YDQ,18877.0
YDR,20919.0
YDS,28467.0
YDT,25141.0
YDV,33557.0
YDW,5970.0
YDY,23529.0
YE,456800.0
YEA,32785.0
YEC,9562.0
YED,29404.0
YEE,36468.0
YEF,15166.0
YEG,33489.0
YEH,9649.0
YEI,28372.0
YEK,34901.0
YEL,38126.0
YEM,10043.0
YEN,23370.0
YEP,21325.0
YEQ,17260.0
YER,24055.0
YES,24095.0
YET,20488.0
YEV,28592.0
YEW,6002.0
YEY,12562.0
YF,381412.0
YFA,25092.0
YFC,8916.0
YFD,23386.0
YFE,21116.0
YFF,10973.0
YFG,25702.0
YFH,8298.0
YFI,17065.0
YFK,22880.0
YFL,27606.0
YFM,5134.0
YFN,16072.0
YFP,27187.0
YFQ,39399.0
YFR,17054.0
YFS,23785.0
YFT,20740.0
YFV,21153.0
YFW,3458.0
YFY,12682.0
YG,584368.0
YGA,43358.0
YGC,9984.0
YGD,35574.0
YGE,30725.0
YGF,27715.0
YGG,42653.0
YGH,11739.0
YGI,37473.0
YGK,36877.0
YGL,46563.0
YGM,12636.0
YGN,28599.0
YGP,27029.0
YGQ,17790.0
YGR,26775.0
YGS,37998.0
YGT,28021.0
YGV,48776.0
YGW,7496.0
YGY,25264.0
YH,193674.0
YHA,16076.0
YHC,3690.0
YHD,8990.0
YHE,12635.0
YHF,8759.0
YHG,15822.0
YHH,7622.0
YHI,8492.0
YHK,10885.0
YHL,18818.0
YHM,4514.0
YHN,9368.0
YHP,8208.0
YHQ,9788.0
YHR,9056.0
YHS,11434.0
YHT,7742.0
YHV,11542.0
YHW,3334.0
YHY,6229.0
YI,415886.0
YIA,31425.0
YIC,16344.0
YID,28884.0
YIE,25571.0
YIF,12564.0
YIG,26304.0
YIH,14229.0
YII,18766.0
YIK,25464.0
YIL,30020.0
YIM,7448.0
YIN,22949.0
YIP,23326.0
YIQ,17332.0
YIR,17266.0
YIS,27803.0
YIT,26227.0
YIV,23808.0
YIW,4896.0
YIY,14656.0
YK,411225.0
YKA,26847.0
YKC,5486.0
YKD,34018.0
YKE,27846.0
YKF,15244.0
YKG,31262.0
YKH,8034.0
YKI,21413.0
YKK,26642.0
YKL,34644.0
YKM,7653.0
YKN,26642.0
YKP,17462.0
YKQ,17008.0
YKR,19196.0
YKS,22424.0
YKT,24506.0
YKV,26861.0
YKW,3564.0
YKY,12929.0
YL,737746.0
YLA,59697.0
YLC,9255.0
YLD,44325.0
YLE,56325.0
YLF,26386.0
YLG,43375.0
YLH,20610.0
YLI,35036.0
YLK,49188.0
YLL,56298.0
YLM,17326.0
YLN,37797.0
YLP,33063.0
YLQ,38603.0
YLR,38137.0
YLS,53554.0
YLT,40415.0
YLV,41426.0
YLW,8238.0
YLY,27174.0
YM,166134.0
YMA,14815.0
YMC,1632.0
YMD,9976.0
YME,13782.0
YMF,5616.0
YMG,12838.0
YMH,5174.0
YMI,7080.0
YMK,9412.0
YML,10281.0
YMM,4048.0
YMN,7092.0
YMP,8583.0
YMQ,5145.0
YMR,11096.0
YMS,10342.0
YMT,10632.0
YMV,9988.0
YMW,1648.0
YMY,6306.0
YN,387481.0
YNA,31760.0
YNC,4142.0
YND,20162.0
YNE,22945.0
YNF,15688.0
YNG,23715.0
YNH,7453.0
YNI,25939.0
YNK,23229.0
YNL,29834.0
YNM,6720.0
YNN,19134.0
YNP,21365.0
YNQ,20710.0
YNR,17054.0
YNS,27984.0
YNT,18449.0
YNV,24934.0
YNW,5054.0
YNY,20158.0
YP,378969.0
YPA,28538.0
YPC,2828.0
YPD,33665.0
YPE,26342.0
YPF,17267.0
YPG,39896.0
YPH,7304.0
YPI,19195.0
YPK,19079.0
YPL,32220.0
YPM,6854.0
YPN,21389.0
YPP,15008.0
YPQ,12414.0
YPR,19068.0
YPS,18633.0
YPT,17826.0
YPV,21363.0
YPW,6225.0
YPY,13121.0
YQ,331802.0
YQA,22040.0
YQC,5962.0
YQD,17228.0
YQE,21490.0
YQF,10047.0
YQG,23000.0
YQH,6901.0
YQI,18146.0
YQK,15758.0
YQL,35981.0
YQM,7818.0
YQN,16071.0
YQP,17859.0
YQQ,23118.0
YQR,18360.0
YQS,17758.0
YQT,18980.0
YQV,17318.0
YQW,4373.0
YQY,11308.0
YR,413659.0
YRA,35222.0
YRC,7256.0
YRD,26860.0
YRE,31930.0
YRF,16638.0
YRG,29408.0
YRH,10224.0
YRI,19597.0
YRK,20869.0
YRL,36049.0
YRM,7842.0
YRN,19107.0
YRP,18810.0
YRQ,23398.0
YRR,19232.0
YRS,20787.0
YRT,19078.0
YRV,29282.0
YRW,5478.0
YRY,14334.0
YS,530081.0
YSA,34097.0
YSC,10560.0
YSD,28294.0
YSE,27300.0
YSF,27458.0
YSG,40495.0
YSH,10722.0
YSI,29978.0
YSK,26555.0
YSL,52378.0
YSM,12052.0
YSN,23310.0
YSP,27926.0
YSQ,16914.0
YSR,27291.0
YSS,34372.0
YST,33442.0
YSV,35840.0
YSW,9221.0
YSY,20100.0
YT,462155.0
YTA,34059.0
YTC,12748.0
YTD,27193.0
YTE,28519.0
YTF,21590.0
YTG,36632.0
YTH,12662.0
YTI,25812.0
YTK,24525.0
YTL,43115.0
YTM,11088.0
YTN,21240.0
YTP,26624.0
YTQ,14866.0
YTR,20050.0
YTS,30324.0
YTT,23900.0
YTV,26224.0
YTW,5154.0
YTY,14924.0
YV,504189.0
YVA,39404.0
YVC,6217.0
YVD,42616.0
YVE,28339.0
YVF,19679.0
YVG,38162.0
YVH,11516.0
YVI,21828.0
YVK,29488.0
YVL,34972.0
YVM,11880.0
YVN,25013.0
YVP,29603.0
YVQ,17164.0
YVR,25807.0
YVS,36571.0
YVT,29839.0
YVV,32741.0
YVW,7076.0
YVY,15546.0
YW,125130.0
YWA,8724.0
YWC,1622.0
YWD,10286.0
YWE,6341.0
YWF,4173.0
YWG,13637.0
YWH,3396.0
YWI,5832.0
YWK,8144.0
YWL,8778.0
YWM,2650.0
YWN,6804.0
YWP,5198.0
YWQ,5649.0
YWR,6498.0
YWS,6926.0
YWT,9352.0
YWV,4358.0
YWW,1722.0
YWY,4888.0
YY,333636.0
YYA,19604.0
YYC,21721.0
YYD,22262.0
YYE,18514.0
YYF,14926.0
YYG,20621.0
YYH,9782.0
YYI,12158.0
YYK,16276.0
YYL,28021.0
YYM,5798.0
YYN,18482.0
YYP,16324.0
YYQ,12940.0
YYR,16290.0
YYS,22652.0
YYT,20027.0
YYV,18267.0
YYW,5452.0
YYY,12829.0
